numero_pokedex,nombre,img_url
1,bulbasaur,https://raw.githubusercontent.com/PokeAPI/sprites/master/sprites/pokemon/1.png
2,ivysaur,https://raw.githubusercontent.com/PokeAPI/sprites/master/sprites/pokemon/2.png
3,venusaur,https://raw.githubusercontent.com/PokeAPI/sprites/master/sprites/pokemon/3.png
4,charmander,https://raw.githubusercontent.com/PokeAPI/sprites/master/sprites/pokemon/4.png
5,charmeleon,https://raw.githubusercontent.com/PokeAPI/sprites/master/sprites/pokemon/5.png
6,charizard,https://raw.githubusercontent.com/PokeAPI/sprites/master/sprites/pokemon/6.png
7,squirtle,https://raw.githubusercontent.com/PokeAPI/sprites/master/sprites/pokemon/7.png
8,wartortle,https://raw.githubusercontent.com/PokeAPI/sprites/master/sprites/pokemon/8.png
9,blastoise,https://raw.githubusercontent.com/PokeAPI/sprites/master/sprites/pokemon/9.png
10,caterpie,https://raw.githubusercontent.com/PokeAPI/sprites/master/sprites/pokemon/10.png
11,metapod,https://raw.githubusercontent.com/PokeAPI/sprites/master/sprites/pokemon/11.png
12,butterfree,https://raw.githubusercontent.com/PokeAPI/sprites/master/sprites/pokemon/12.png
13,weedle,https://raw.githubusercontent.com/PokeAPI/sprites/master/sprites/pokemon/13.png
14,kakuna,https://raw.githubusercontent.com/PokeAPI/sprites/master/sprites/pokemon/14.png
15,beedrill,https://raw.githubusercontent.com/PokeAPI/sprites/master/sprites/pokemon/15.png
16,pidgey,https://raw.githubusercontent.com/PokeAPI/sprites/master/sprites/pokemon/16.png
17,pidgeotto,https://raw.githubusercontent.com/PokeAPI/sprites/master/sprites/pokemon/17.png
18,pidgeot,https://raw.githubusercontent.com/PokeAPI/sprites/master/sprites/pokemon/18.png
19,rattata,https://raw.githubusercontent.com/PokeAPI/sprites/master/sprites/pokemon/19.png
20,raticate,https://raw.githubusercontent.com/PokeAPI/sprites/master/sprites/pokemon/20.png
21,spearow,https://raw.githubusercontent.com/PokeAPI/sprites/master/sprites/pokemon/21.png
22,fearow,https://raw.githubusercontent.com/PokeAPI/sprites/master/sprites/pokemon/22.png
23,ekans,https://raw.githubusercontent.com/PokeAPI/sprites/master/sprites/pokemon/23.png
24,arbok,https://raw.githubusercontent.com/PokeAPI/sprites/master/sprites/pokemon/24.png
25,pikachu,https://raw.githubusercontent.com/PokeAPI/sprites/master/sprites/pokemon/25.png
26,raichu,https://raw.githubusercontent.com/PokeAPI/sprites/master/sprites/pokemon/26.png
27,sandshrew,https://raw.githubusercontent.com/PokeAPI/sprites/master/sprites/pokemon/27.png
28,sandslash,https://raw.githubusercontent.com/PokeAPI/sprites/master/sprites/pokemon/28.png
29,nidoran-f,https://raw.githubusercontent.com/PokeAPI/sprites/master/sprites/pokemon/29.png
30,nidorina,https://raw.githubusercontent.com/PokeAPI/sprites/master/sprites/pokemon/30.png
31,nidoqueen,https://raw.githubusercontent.com/PokeAPI/sprites/master/sprites/pokemon/31.png
32,nidoran-m,https://raw.githubusercontent.com/PokeAPI/sprites/master/sprites/pokemon/32.png
33,nidorino,https://raw.githubusercontent.com/PokeAPI/sprites/master/sprites/pokemon/33.png
34,nidoking,https://raw.githubusercontent.com/PokeAPI/sprites/master/sprites/pokemon/34.png
35,clefairy,https://raw.githubusercontent.com/PokeAPI/sprites/master/sprites/pokemon/35.png
36,clefable,https://raw.githubusercontent.com/PokeAPI/sprites/master/sprites/pokemon/36.png
37,vulpix,https://raw.githubusercontent.com/PokeAPI/sprites/master/sprites/pokemon/37.png
38,ninetales,https://raw.githubusercontent.com/PokeAPI/sprites/master/sprites/pokemon/38.png
39,jigglypuff,https://raw.githubusercontent.com/PokeAPI/sprites/master/sprites/pokemon/39.png
40,wigglytuff,https://raw.githubusercontent.com/PokeAPI/sprites/master/sprites/pokemon/40.png
41,zubat,https://raw.githubusercontent.com/PokeAPI/sprites/master/sprites/pokemon/41.png
42,golbat,https://raw.githubusercontent.com/PokeAPI/sprites/master/sprites/pokemon/42.png
43,oddish,https://raw.githubusercontent.com/PokeAPI/sprites/master/sprites/pokemon/43.png
44,gloom,https://raw.githubusercontent.com/PokeAPI/sprites/master/sprites/pokemon/44.png
45,vileplume,https://raw.githubusercontent.com/PokeAPI/sprites/master/sprites/pokemon/45.png
46,paras,https://raw.githubusercontent.com/PokeAPI/sprites/master/sprites/pokemon/46.png
47,parasect,https://raw.githubusercontent.com/PokeAPI/sprites/master/sprites/pokemon/47.png
48,venonat,https://raw.githubusercontent.com/PokeAPI/sprites/master/sprites/pokemon/48.png
49,venomoth,https://raw.githubusercontent.com/PokeAPI/sprites/master/sprites/pokemon/49.png
50,diglett,https://raw.githubusercontent.com/PokeAPI/sprites/master/sprites/pokemon/50.png
51,dugtrio,https://raw.githubusercontent.com/PokeAPI/sprites/master/sprites/pokemon/51.png
52,meowth,https://raw.githubusercontent.com/PokeAPI/sprites/master/sprites/pokemon/52.png
53,persian,https://raw.githubusercontent.com/PokeAPI/sprites/master/sprites/pokemon/53.png
54,psyduck,https://raw.githubusercontent.com/PokeAPI/sprites/master/sprites/pokemon/54.png
55,golduck,https://raw.githubusercontent.com/PokeAPI/sprites/master/sprites/pokemon/55.png
56,mankey,https://raw.githubusercontent.com/PokeAPI/sprites/master/sprites/pokemon/56.png
57,primeape,https://raw.githubusercontent.com/PokeAPI/sprites/master/sprites/pokemon/57.png
58,growlithe,https://raw.githubusercontent.com/PokeAPI/sprites/master/sprites/pokemon/58.png
59,arcanine,https://raw.githubusercontent.com/PokeAPI/sprites/master/sprites/pokemon/59.png
60,poliwag,https://raw.githubusercontent.com/PokeAPI/sprites/master/sprites/pokemon/60.png
61,poliwhirl,https://raw.githubusercontent.com/PokeAPI/sprites/master/sprites/pokemon/61.png
62,poliwrath,https://raw.githubusercontent.com/PokeAPI/sprites/master/sprites/pokemon/62.png
63,abra,https://raw.githubusercontent.com/PokeAPI/sprites/master/sprites/pokemon/63.png
64,kadabra,https://raw.githubusercontent.com/PokeAPI/sprites/master/sprites/pokemon/64.png
65,alakazam,https://raw.githubusercontent.com/PokeAPI/sprites/master/sprites/pokemon/65.png
66,machop,https://raw.githubusercontent.com/PokeAPI/sprites/master/sprites/pokemon/66.png
67,machoke,https://raw.githubusercontent.com/PokeAPI/sprites/master/sprites/pokemon/67.png
68,machamp,https://raw.githubusercontent.com/PokeAPI/sprites/master/sprites/pokemon/68.png
69,bellsprout,https://raw.githubusercontent.com/PokeAPI/sprites/master/sprites/pokemon/69.png
70,weepinbell,https://raw.githubusercontent.com/PokeAPI/sprites/master/sprites/pokemon/70.png
71,victreebel,https://raw.githubusercontent.com/PokeAPI/sprites/master/sprites/pokemon/71.png
72,tentacool,https://raw.githubusercontent.com/PokeAPI/sprites/master/sprites/pokemon/72.png
73,tentacruel,https://raw.githubusercontent.com/PokeAPI/sprites/master/sprites/pokemon/73.png
74,geodude,https://raw.githubusercontent.com/PokeAPI/sprites/master/sprites/pokemon/74.png
75,graveler,https://raw.githubusercontent.com/PokeAPI/sprites/master/sprites/pokemon/75.png
76,golem,https://raw.githubusercontent.com/PokeAPI/sprites/master/sprites/pokemon/76.png
77,ponyta,https://raw.githubusercontent.com/PokeAPI/sprites/master/sprites/pokemon/77.png
78,rapidash,https://raw.githubusercontent.com/PokeAPI/sprites/master/sprites/pokemon/78.png
79,slowpoke,https://raw.githubusercontent.com/PokeAPI/sprites/master/sprites/pokemon/79.png
80,slowbro,https://raw.githubusercontent.com/PokeAPI/sprites/master/sprites/pokemon/80.png
81,magnemite,https://raw.githubusercontent.com/PokeAPI/sprites/master/sprites/pokemon/81.png
82,magneton,https://raw.githubusercontent.com/PokeAPI/sprites/master/sprites/pokemon/82.png
83,farfetchd,https://raw.githubusercontent.com/PokeAPI/sprites/master/sprites/pokemon/83.png
84,doduo,https://raw.githubusercontent.com/PokeAPI/sprites/master/sprites/pokemon/84.png
85,dodrio,https://raw.githubusercontent.com/PokeAPI/sprites/master/sprites/pokemon/85.png
86,seel,https://raw.githubusercontent.com/PokeAPI/sprites/master/sprites/pokemon/86.png
87,dewgong,https://raw.githubusercontent.com/PokeAPI/sprites/master/sprites/pokemon/87.png
88,grimer,https://raw.githubusercontent.com/PokeAPI/sprites/master/sprites/pokemon/88.png
89,muk,https://raw.githubusercontent.com/PokeAPI/sprites/master/sprites/pokemon/89.png
90,shellder,https://raw.githubusercontent.com/PokeAPI/sprites/master/sprites/pokemon/90.png
91,cloyster,https://raw.githubusercontent.com/PokeAPI/sprites/master/sprites/pokemon/91.png
92,gastly,https://raw.githubusercontent.com/PokeAPI/sprites/master/sprites/pokemon/92.png
93,haunter,https://raw.githubusercontent.com/PokeAPI/sprites/master/sprites/pokemon/93.png
94,gengar,https://raw.githubusercontent.com/PokeAPI/sprites/master/sprites/pokemon/94.png
95,onix,https://raw.githubusercontent.com/PokeAPI/sprites/master/sprites/pokemon/95.png
96,drowzee,https://raw.githubusercontent.com/PokeAPI/sprites/master/sprites/pokemon/96.png
97,hypno,https://raw.githubusercontent.com/PokeAPI/sprites/master/sprites/pokemon/97.png
98,krabby,https://raw.githubusercontent.com/PokeAPI/sprites/master/sprites/pokemon/98.png
99,kingler,https://raw.githubusercontent.com/PokeAPI/sprites/master/sprites/pokemon/99.png
100,voltorb,https://raw.githubusercontent.com/PokeAPI/sprites/master/sprites/pokemon/100.png
101,electrode,https://raw.githubusercontent.com/PokeAPI/sprites/master/sprites/pokemon/101.png
102,exeggcute,https://raw.githubusercontent.com/PokeAPI/sprites/master/sprites/pokemon/102.png
103,exeggutor,https://raw.githubusercontent.com/PokeAPI/sprites/master/sprites/pokemon/103.png
104,cubone,https://raw.githubusercontent.com/PokeAPI/sprites/master/sprites/pokemon/104.png
105,marowak,https://raw.githubusercontent.com/PokeAPI/sprites/master/sprites/pokemon/105.png
106,hitmonlee,https://raw.githubusercontent.com/PokeAPI/sprites/master/sprites/pokemon/106.png
107,hitmonchan,https://raw.githubusercontent.com/PokeAPI/sprites/master/sprites/pokemon/107.png
108,lickitung,https://raw.githubusercontent.com/PokeAPI/sprites/master/sprites/pokemon/108.png
109,koffing,https://raw.githubusercontent.com/PokeAPI/sprites/master/sprites/pokemon/109.png
110,weezing,https://raw.githubusercontent.com/PokeAPI/sprites/master/sprites/pokemon/110.png
111,rhyhorn,https://raw.githubusercontent.com/PokeAPI/sprites/master/sprites/pokemon/111.png
112,rhydon,https://raw.githubusercontent.com/PokeAPI/sprites/master/sprites/pokemon/112.png
113,chansey,https://raw.githubusercontent.com/PokeAPI/sprites/master/sprites/pokemon/113.png
114,tangela,https://raw.githubusercontent.com/PokeAPI/sprites/master/sprites/pokemon/114.png
115,kangaskhan,https://raw.githubusercontent.com/PokeAPI/sprites/master/sprites/pokemon/115.png
116,horsea,https://raw.githubusercontent.com/PokeAPI/sprites/master/sprites/pokemon/116.png
117,seadra,https://raw.githubusercontent.com/PokeAPI/sprites/master/sprites/pokemon/117.png
118,goldeen,https://raw.githubusercontent.com/PokeAPI/sprites/master/sprites/pokemon/118.png
119,seaking,https://raw.githubusercontent.com/PokeAPI/sprites/master/sprites/pokemon/119.png
120,staryu,https://raw.githubusercontent.com/PokeAPI/sprites/master/sprites/pokemon/120.png
121,starmie,https://raw.githubusercontent.com/PokeAPI/sprites/master/sprites/pokemon/121.png
122,mr-mime,https://raw.githubusercontent.com/PokeAPI/sprites/master/sprites/pokemon/122.png
123,scyther,https://raw.githubusercontent.com/PokeAPI/sprites/master/sprites/pokemon/123.png
124,jynx,https://raw.githubusercontent.com/PokeAPI/sprites/master/sprites/pokemon/124.png
125,electabuzz,https://raw.githubusercontent.com/PokeAPI/sprites/master/sprites/pokemon/125.png
126,magmar,https://raw.githubusercontent.com/PokeAPI/sprites/master/sprites/pokemon/126.png
127,pinsir,https://raw.githubusercontent.com/PokeAPI/sprites/master/sprites/pokemon/127.png
128,tauros,https://raw.githubusercontent.com/PokeAPI/sprites/master/sprites/pokemon/128.png
129,magikarp,https://raw.githubusercontent.com/PokeAPI/sprites/master/sprites/pokemon/129.png
130,gyarados,https://raw.githubusercontent.com/PokeAPI/sprites/master/sprites/pokemon/130.png
131,lapras,https://raw.githubusercontent.com/PokeAPI/sprites/master/sprites/pokemon/131.png
132,ditto,https://raw.githubusercontent.com/PokeAPI/sprites/master/sprites/pokemon/132.png
133,eevee,https://raw.githubusercontent.com/PokeAPI/sprites/master/sprites/pokemon/133.png
134,vaporeon,https://raw.githubusercontent.com/PokeAPI/sprites/master/sprites/pokemon/134.png
135,jolteon,https://raw.githubusercontent.com/PokeAPI/sprites/master/sprites/pokemon/135.png
136,flareon,https://raw.githubusercontent.com/PokeAPI/sprites/master/sprites/pokemon/136.png
137,porygon,https://raw.githubusercontent.com/PokeAPI/sprites/master/sprites/pokemon/137.png
138,omanyte,https://raw.githubusercontent.com/PokeAPI/sprites/master/sprites/pokemon/138.png
139,omastar,https://raw.githubusercontent.com/PokeAPI/sprites/master/sprites/pokemon/139.png
140,kabuto,https://raw.githubusercontent.com/PokeAPI/sprites/master/sprites/pokemon/140.png
141,kabutops,https://raw.githubusercontent.com/PokeAPI/sprites/master/sprites/pokemon/141.png
142,aerodactyl,https://raw.githubusercontent.com/PokeAPI/sprites/master/sprites/pokemon/142.png
143,snorlax,https://raw.githubusercontent.com/PokeAPI/sprites/master/sprites/pokemon/143.png
144,articuno,https://raw.githubusercontent.com/PokeAPI/sprites/master/sprites/pokemon/144.png
145,zapdos,https://raw.githubusercontent.com/PokeAPI/sprites/master/sprites/pokemon/145.png
146,moltres,https://raw.githubusercontent.com/PokeAPI/sprites/master/sprites/pokemon/146.png
147,dratini,https://raw.githubusercontent.com/PokeAPI/sprites/master/sprites/pokemon/147.png
148,dragonair,https://raw.githubusercontent.com/PokeAPI/sprites/master/sprites/pokemon/148.png
149,dragonite,https://raw.githubusercontent.com/PokeAPI/sprites/master/sprites/pokemon/149.png
150,mewtwo,https://raw.githubusercontent.com/PokeAPI/sprites/master/sprites/pokemon/150.png
151,mew,https://raw.githubusercontent.com/PokeAPI/sprites/master/sprites/pokemon/151.png
152,chikorita,https://raw.githubusercontent.com/PokeAPI/sprites/master/sprites/pokemon/152.png
153,bayleef,https://raw.githubusercontent.com/PokeAPI/sprites/master/sprites/pokemon/153.png
154,meganium,https://raw.githubusercontent.com/PokeAPI/sprites/master/sprites/pokemon/154.png
155,cyndaquil,https://raw.githubusercontent.com/PokeAPI/sprites/master/sprites/pokemon/155.png
156,quilava,https://raw.githubusercontent.com/PokeAPI/sprites/master/sprites/pokemon/156.png
157,typhlosion,https://raw.githubusercontent.com/PokeAPI/sprites/master/sprites/pokemon/157.png
158,totodile,https://raw.githubusercontent.com/PokeAPI/sprites/master/sprites/pokemon/158.png
159,croconaw,https://raw.githubusercontent.com/PokeAPI/sprites/master/sprites/pokemon/159.png
160,feraligatr,https://raw.githubusercontent.com/PokeAPI/sprites/master/sprites/pokemon/160.png
161,sentret,https://raw.githubusercontent.com/PokeAPI/sprites/master/sprites/pokemon/161.png
162,furret,https://raw.githubusercontent.com/PokeAPI/sprites/master/sprites/pokemon/162.png
163,hoothoot,https://raw.githubusercontent.com/PokeAPI/sprites/master/sprites/pokemon/163.png
164,noctowl,https://raw.githubusercontent.com/PokeAPI/sprites/master/sprites/pokemon/164.png
165,ledyba,https://raw.githubusercontent.com/PokeAPI/sprites/master/sprites/pokemon/165.png
166,ledian,https://raw.githubusercontent.com/PokeAPI/sprites/master/sprites/pokemon/166.png
167,spinarak,https://raw.githubusercontent.com/PokeAPI/sprites/master/sprites/pokemon/167.png
168,ariados,https://raw.githubusercontent.com/PokeAPI/sprites/master/sprites/pokemon/168.png
169,crobat,https://raw.githubusercontent.com/PokeAPI/sprites/master/sprites/pokemon/169.png
170,chinchou,https://raw.githubusercontent.com/PokeAPI/sprites/master/sprites/pokemon/170.png
171,lanturn,https://raw.githubusercontent.com/PokeAPI/sprites/master/sprites/pokemon/171.png
172,pichu,https://raw.githubusercontent.com/PokeAPI/sprites/master/sprites/pokemon/172.png
173,cleffa,https://raw.githubusercontent.com/PokeAPI/sprites/master/sprites/pokemon/173.png
174,igglybuff,https://raw.githubusercontent.com/PokeAPI/sprites/master/sprites/pokemon/174.png
175,togepi,https://raw.githubusercontent.com/PokeAPI/sprites/master/sprites/pokemon/175.png
176,togetic,https://raw.githubusercontent.com/PokeAPI/sprites/master/sprites/pokemon/176.png
177,natu,https://raw.githubusercontent.com/PokeAPI/sprites/master/sprites/pokemon/177.png
178,xatu,https://raw.githubusercontent.com/PokeAPI/sprites/master/sprites/pokemon/178.png
179,mareep,https://raw.githubusercontent.com/PokeAPI/sprites/master/sprites/pokemon/179.png
180,flaaffy,https://raw.githubusercontent.com/PokeAPI/sprites/master/sprites/pokemon/180.png
181,ampharos,https://raw.githubusercontent.com/PokeAPI/sprites/master/sprites/pokemon/181.png
182,bellossom,https://raw.githubusercontent.com/PokeAPI/sprites/master/sprites/pokemon/182.png
183,marill,https://raw.githubusercontent.com/PokeAPI/sprites/master/sprites/pokemon/183.png
184,azumarill,https://raw.githubusercontent.com/PokeAPI/sprites/master/sprites/pokemon/184.png
185,sudowoodo,https://raw.githubusercontent.com/PokeAPI/sprites/master/sprites/pokemon/185.png
186,politoed,https://raw.githubusercontent.com/PokeAPI/sprites/master/sprites/pokemon/186.png
187,hoppip,https://raw.githubusercontent.com/PokeAPI/sprites/master/sprites/pokemon/187.png
188,skiploom,https://raw.githubusercontent.com/PokeAPI/sprites/master/sprites/pokemon/188.png
189,jumpluff,https://raw.githubusercontent.com/PokeAPI/sprites/master/sprites/pokemon/189.png
190,aipom,https://raw.githubusercontent.com/PokeAPI/sprites/master/sprites/pokemon/190.png
191,sunkern,https://raw.githubusercontent.com/PokeAPI/sprites/master/sprites/pokemon/191.png
192,sunflora,https://raw.githubusercontent.com/PokeAPI/sprites/master/sprites/pokemon/192.png
193,yanma,https://raw.githubusercontent.com/PokeAPI/sprites/master/sprites/pokemon/193.png
194,wooper,https://raw.githubusercontent.com/PokeAPI/sprites/master/sprites/pokemon/194.png
195,quagsire,https://raw.githubusercontent.com/PokeAPI/sprites/master/sprites/pokemon/195.png
196,espeon,https://raw.githubusercontent.com/PokeAPI/sprites/master/sprites/pokemon/196.png
197,umbreon,https://raw.githubusercontent.com/PokeAPI/sprites/master/sprites/pokemon/197.png
198,murkrow,https://raw.githubusercontent.com/PokeAPI/sprites/master/sprites/pokemon/198.png
199,slowking,https://raw.githubusercontent.com/PokeAPI/sprites/master/sprites/pokemon/199.png
200,misdreavus,https://raw.githubusercontent.com/PokeAPI/sprites/master/sprites/pokemon/200.png
201,unown,https://raw.githubusercontent.com/PokeAPI/sprites/master/sprites/pokemon/201.png
202,wobbuffet,https://raw.githubusercontent.com/PokeAPI/sprites/master/sprites/pokemon/202.png
203,girafarig,https://raw.githubusercontent.com/PokeAPI/sprites/master/sprites/pokemon/203.png
204,pineco,https://raw.githubusercontent.com/PokeAPI/sprites/master/sprites/pokemon/204.png
205,forretress,https://raw.githubusercontent.com/PokeAPI/sprites/master/sprites/pokemon/205.png
206,dunsparce,https://raw.githubusercontent.com/PokeAPI/sprites/master/sprites/pokemon/206.png
207,gligar,https://raw.githubusercontent.com/PokeAPI/sprites/master/sprites/pokemon/207.png
208,steelix,https://raw.githubusercontent.com/PokeAPI/sprites/master/sprites/pokemon/208.png
209,snubbull,https://raw.githubusercontent.com/PokeAPI/sprites/master/sprites/pokemon/209.png
210,granbull,https://raw.githubusercontent.com/PokeAPI/sprites/master/sprites/pokemon/210.png
211,qwilfish,https://raw.githubusercontent.com/PokeAPI/sprites/master/sprites/pokemon/211.png
212,scizor,https://raw.githubusercontent.com/PokeAPI/sprites/master/sprites/pokemon/212.png
213,shuckle,https://raw.githubusercontent.com/PokeAPI/sprites/master/sprites/pokemon/213.png
214,heracross,https://raw.githubusercontent.com/PokeAPI/sprites/master/sprites/pokemon/214.png
215,sneasel,https://raw.githubusercontent.com/PokeAPI/sprites/master/sprites/pokemon/215.png
216,teddiursa,https://raw.githubusercontent.com/PokeAPI/sprites/master/sprites/pokemon/216.png
217,ursaring,https://raw.githubusercontent.com/PokeAPI/sprites/master/sprites/pokemon/217.png
218,slugma,https://raw.githubusercontent.com/PokeAPI/sprites/master/sprites/pokemon/218.png
219,magcargo,https://raw.githubusercontent.com/PokeAPI/sprites/master/sprites/pokemon/219.png
220,swinub,https://raw.githubusercontent.com/PokeAPI/sprites/master/sprites/pokemon/220.png
221,piloswine,https://raw.githubusercontent.com/PokeAPI/sprites/master/sprites/pokemon/221.png
222,corsola,https://raw.githubusercontent.com/PokeAPI/sprites/master/sprites/pokemon/222.png
223,remoraid,https://raw.githubusercontent.com/PokeAPI/sprites/master/sprites/pokemon/223.png
224,octillery,https://raw.githubusercontent.com/PokeAPI/sprites/master/sprites/pokemon/224.png
225,delibird,https://raw.githubusercontent.com/PokeAPI/sprites/master/sprites/pokemon/225.png
226,mantine,https://raw.githubusercontent.com/PokeAPI/sprites/master/sprites/pokemon/226.png
227,skarmory,https://raw.githubusercontent.com/PokeAPI/sprites/master/sprites/pokemon/227.png
228,houndour,https://raw.githubusercontent.com/PokeAPI/sprites/master/sprites/pokemon/228.png
229,houndoom,https://raw.githubusercontent.com/PokeAPI/sprites/master/sprites/pokemon/229.png
230,kingdra,https://raw.githubusercontent.com/PokeAPI/sprites/master/sprites/pokemon/230.png
231,phanpy,https://raw.githubusercontent.com/PokeAPI/sprites/master/sprites/pokemon/231.png
232,donphan,https://raw.githubusercontent.com/PokeAPI/sprites/master/sprites/pokemon/232.png
233,porygon2,https://raw.githubusercontent.com/PokeAPI/sprites/master/sprites/pokemon/233.png
234,stantler,https://raw.githubusercontent.com/PokeAPI/sprites/master/sprites/pokemon/234.png
235,smeargle,https://raw.githubusercontent.com/PokeAPI/sprites/master/sprites/pokemon/235.png
236,tyrogue,https://raw.githubusercontent.com/PokeAPI/sprites/master/sprites/pokemon/236.png
237,hitmontop,https://raw.githubusercontent.com/PokeAPI/sprites/master/sprites/pokemon/237.png
238,smoochum,https://raw.githubusercontent.com/PokeAPI/sprites/master/sprites/pokemon/238.png
239,elekid,https://raw.githubusercontent.com/PokeAPI/sprites/master/sprites/pokemon/239.png
240,magby,https://raw.githubusercontent.com/PokeAPI/sprites/master/sprites/pokemon/240.png
241,miltank,https://raw.githubusercontent.com/PokeAPI/sprites/master/sprites/pokemon/241.png
242,blissey,https://raw.githubusercontent.com/PokeAPI/sprites/master/sprites/pokemon/242.png
243,raikou,https://raw.githubusercontent.com/PokeAPI/sprites/master/sprites/pokemon/243.png
244,entei,https://raw.githubusercontent.com/PokeAPI/sprites/master/sprites/pokemon/244.png
245,suicune,https://raw.githubusercontent.com/PokeAPI/sprites/master/sprites/pokemon/245.png
246,larvitar,https://raw.githubusercontent.com/PokeAPI/sprites/master/sprites/pokemon/246.png
247,pupitar,https://raw.githubusercontent.com/PokeAPI/sprites/master/sprites/pokemon/247.png
248,tyranitar,https://raw.githubusercontent.com/PokeAPI/sprites/master/sprites/pokemon/248.png
249,lugia,https://raw.githubusercontent.com/PokeAPI/sprites/master/sprites/pokemon/249.png
250,ho-oh,https://raw.githubusercontent.com/PokeAPI/sprites/master/sprites/pokemon/250.png
251,celebi,https://raw.githubusercontent.com/PokeAPI/sprites/master/sprites/pokemon/251.png
252,treecko,https://raw.githubusercontent.com/PokeAPI/sprites/master/sprites/pokemon/252.png
253,grovyle,https://raw.githubusercontent.com/PokeAPI/sprites/master/sprites/pokemon/253.png
254,sceptile,https://raw.githubusercontent.com/PokeAPI/sprites/master/sprites/pokemon/254.png
255,torchic,https://raw.githubusercontent.com/PokeAPI/sprites/master/sprites/pokemon/255.png
256,combusken,https://raw.githubusercontent.com/PokeAPI/sprites/master/sprites/pokemon/256.png
257,blaziken,https://raw.githubusercontent.com/PokeAPI/sprites/master/sprites/pokemon/257.png
258,mudkip,https://raw.githubusercontent.com/PokeAPI/sprites/master/sprites/pokemon/258.png
259,marshtomp,https://raw.githubusercontent.com/PokeAPI/sprites/master/sprites/pokemon/259.png
260,swampert,https://raw.githubusercontent.com/PokeAPI/sprites/master/sprites/pokemon/260.png
261,poochyena,https://raw.githubusercontent.com/PokeAPI/sprites/master/sprites/pokemon/261.png
262,mightyena,https://raw.githubusercontent.com/PokeAPI/sprites/master/sprites/pokemon/262.png
263,zigzagoon,https://raw.githubusercontent.com/PokeAPI/sprites/master/sprites/pokemon/263.png
264,linoone,https://raw.githubusercontent.com/PokeAPI/sprites/master/sprites/pokemon/264.png
265,wurmple,https://raw.githubusercontent.com/PokeAPI/sprites/master/sprites/pokemon/265.png
266,silcoon,https://raw.githubusercontent.com/PokeAPI/sprites/master/sprites/pokemon/266.png
267,beautifly,https://raw.githubusercontent.com/PokeAPI/sprites/master/sprites/pokemon/267.png
268,cascoon,https://raw.githubusercontent.com/PokeAPI/sprites/master/sprites/pokemon/268.png
269,dustox,https://raw.githubusercontent.com/PokeAPI/sprites/master/sprites/pokemon/269.png
270,lotad,https://raw.githubusercontent.com/PokeAPI/sprites/master/sprites/pokemon/270.png
271,lombre,https://raw.githubusercontent.com/PokeAPI/sprites/master/sprites/pokemon/271.png
272,ludicolo,https://raw.githubusercontent.com/PokeAPI/sprites/master/sprites/pokemon/272.png
273,seedot,https://raw.githubusercontent.com/PokeAPI/sprites/master/sprites/pokemon/273.png
274,nuzleaf,https://raw.githubusercontent.com/PokeAPI/sprites/master/sprites/pokemon/274.png
275,shiftry,https://raw.githubusercontent.com/PokeAPI/sprites/master/sprites/pokemon/275.png
276,taillow,https://raw.githubusercontent.com/PokeAPI/sprites/master/sprites/pokemon/276.png
277,swellow,https://raw.githubusercontent.com/PokeAPI/sprites/master/sprites/pokemon/277.png
278,wingull,https://raw.githubusercontent.com/PokeAPI/sprites/master/sprites/pokemon/278.png
279,pelipper,https://raw.githubusercontent.com/PokeAPI/sprites/master/sprites/pokemon/279.png
280,ralts,https://raw.githubusercontent.com/PokeAPI/sprites/master/sprites/pokemon/280.png
281,kirlia,https://raw.githubusercontent.com/PokeAPI/sprites/master/sprites/pokemon/281.png
282,gardevoir,https://raw.githubusercontent.com/PokeAPI/sprites/master/sprites/pokemon/282.png
283,surskit,https://raw.githubusercontent.com/PokeAPI/sprites/master/sprites/pokemon/283.png
284,masquerain,https://raw.githubusercontent.com/PokeAPI/sprites/master/sprites/pokemon/284.png
285,shroomish,https://raw.githubusercontent.com/PokeAPI/sprites/master/sprites/pokemon/285.png
286,breloom,https://raw.githubusercontent.com/PokeAPI/sprites/master/sprites/pokemon/286.png
287,slakoth,https://raw.githubusercontent.com/PokeAPI/sprites/master/sprites/pokemon/287.png
288,vigoroth,https://raw.githubusercontent.com/PokeAPI/sprites/master/sprites/pokemon/288.png
289,slaking,https://raw.githubusercontent.com/PokeAPI/sprites/master/sprites/pokemon/289.png
290,nincada,https://raw.githubusercontent.com/PokeAPI/sprites/master/sprites/pokemon/290.png
291,ninjask,https://raw.githubusercontent.com/PokeAPI/sprites/master/sprites/pokemon/291.png
292,shedinja,https://raw.githubusercontent.com/PokeAPI/sprites/master/sprites/pokemon/292.png
293,whismur,https://raw.githubusercontent.com/PokeAPI/sprites/master/sprites/pokemon/293.png
294,loudred,https://raw.githubusercontent.com/PokeAPI/sprites/master/sprites/pokemon/294.png
295,exploud,https://raw.githubusercontent.com/PokeAPI/sprites/master/sprites/pokemon/295.png
296,makuhita,https://raw.githubusercontent.com/PokeAPI/sprites/master/sprites/pokemon/296.png
297,hariyama,https://raw.githubusercontent.com/PokeAPI/sprites/master/sprites/pokemon/297.png
298,azurill,https://raw.githubusercontent.com/PokeAPI/sprites/master/sprites/pokemon/298.png
299,nosepass,https://raw.githubusercontent.com/PokeAPI/sprites/master/sprites/pokemon/299.png
300,skitty,https://raw.githubusercontent.com/PokeAPI/sprites/master/sprites/pokemon/300.png
301,delcatty,https://raw.githubusercontent.com/PokeAPI/sprites/master/sprites/pokemon/301.png
302,sableye,https://raw.githubusercontent.com/PokeAPI/sprites/master/sprites/pokemon/302.png
303,mawile,https://raw.githubusercontent.com/PokeAPI/sprites/master/sprites/pokemon/303.png
304,aron,https://raw.githubusercontent.com/PokeAPI/sprites/master/sprites/pokemon/304.png
305,lairon,https://raw.githubusercontent.com/PokeAPI/sprites/master/sprites/pokemon/305.png
306,aggron,https://raw.githubusercontent.com/PokeAPI/sprites/master/sprites/pokemon/306.png
307,meditite,https://raw.githubusercontent.com/PokeAPI/sprites/master/sprites/pokemon/307.png
308,medicham,https://raw.githubusercontent.com/PokeAPI/sprites/master/sprites/pokemon/308.png
309,electrike,https://raw.githubusercontent.com/PokeAPI/sprites/master/sprites/pokemon/309.png
310,manectric,https://raw.githubusercontent.com/PokeAPI/sprites/master/sprites/pokemon/310.png
311,plusle,https://raw.githubusercontent.com/PokeAPI/sprites/master/sprites/pokemon/311.png
312,minun,https://raw.githubusercontent.com/PokeAPI/sprites/master/sprites/pokemon/312.png
313,volbeat,https://raw.githubusercontent.com/PokeAPI/sprites/master/sprites/pokemon/313.png
314,illumise,https://raw.githubusercontent.com/PokeAPI/sprites/master/sprites/pokemon/314.png
315,roselia,https://raw.githubusercontent.com/PokeAPI/sprites/master/sprites/pokemon/315.png
316,gulpin,https://raw.githubusercontent.com/PokeAPI/sprites/master/sprites/pokemon/316.png
317,swalot,https://raw.githubusercontent.com/PokeAPI/sprites/master/sprites/pokemon/317.png
318,carvanha,https://raw.githubusercontent.com/PokeAPI/sprites/master/sprites/pokemon/318.png
319,sharpedo,https://raw.githubusercontent.com/PokeAPI/sprites/master/sprites/pokemon/319.png
320,wailmer,https://raw.githubusercontent.com/PokeAPI/sprites/master/sprites/pokemon/320.png
321,wailord,https://raw.githubusercontent.com/PokeAPI/sprites/master/sprites/pokemon/321.png
322,numel,https://raw.githubusercontent.com/PokeAPI/sprites/master/sprites/pokemon/322.png
323,camerupt,https://raw.githubusercontent.com/PokeAPI/sprites/master/sprites/pokemon/323.png
324,torkoal,https://raw.githubusercontent.com/PokeAPI/sprites/master/sprites/pokemon/324.png
325,spoink,https://raw.githubusercontent.com/PokeAPI/sprites/master/sprites/pokemon/325.png
326,grumpig,https://raw.githubusercontent.com/PokeAPI/sprites/master/sprites/pokemon/326.png
327,spinda,https://raw.githubusercontent.com/PokeAPI/sprites/master/sprites/pokemon/327.png
328,trapinch,https://raw.githubusercontent.com/PokeAPI/sprites/master/sprites/pokemon/328.png
329,vibrava,https://raw.githubusercontent.com/PokeAPI/sprites/master/sprites/pokemon/329.png
330,flygon,https://raw.githubusercontent.com/PokeAPI/sprites/master/sprites/pokemon/330.png
331,cacnea,https://raw.githubusercontent.com/PokeAPI/sprites/master/sprites/pokemon/331.png
332,cacturne,https://raw.githubusercontent.com/PokeAPI/sprites/master/sprites/pokemon/332.png
333,swablu,https://raw.githubusercontent.com/PokeAPI/sprites/master/sprites/pokemon/333.png
334,altaria,https://raw.githubusercontent.com/PokeAPI/sprites/master/sprites/pokemon/334.png
335,zangoose,https://raw.githubusercontent.com/PokeAPI/sprites/master/sprites/pokemon/335.png
336,seviper,https://raw.githubusercontent.com/PokeAPI/sprites/master/sprites/pokemon/336.png
337,lunatone,https://raw.githubusercontent.com/PokeAPI/sprites/master/sprites/pokemon/337.png
338,solrock,https://raw.githubusercontent.com/PokeAPI/sprites/master/sprites/pokemon/338.png
339,barboach,https://raw.githubusercontent.com/PokeAPI/sprites/master/sprites/pokemon/339.png
340,whiscash,https://raw.githubusercontent.com/PokeAPI/sprites/master/sprites/pokemon/340.png
341,corphish,https://raw.githubusercontent.com/PokeAPI/sprites/master/sprites/pokemon/341.png
342,crawdaunt,https://raw.githubusercontent.com/PokeAPI/sprites/master/sprites/pokemon/342.png
343,baltoy,https://raw.githubusercontent.com/PokeAPI/sprites/master/sprites/pokemon/343.png
344,claydol,https://raw.githubusercontent.com/PokeAPI/sprites/master/sprites/pokemon/344.png
345,lileep,https://raw.githubusercontent.com/PokeAPI/sprites/master/sprites/pokemon/345.png
346,cradily,https://raw.githubusercontent.com/PokeAPI/sprites/master/sprites/pokemon/346.png
347,anorith,https://raw.githubusercontent.com/PokeAPI/sprites/master/sprites/pokemon/347.png
348,armaldo,https://raw.githubusercontent.com/PokeAPI/sprites/master/sprites/pokemon/348.png
349,feebas,https://raw.githubusercontent.com/PokeAPI/sprites/master/sprites/pokemon/349.png
350,milotic,https://raw.githubusercontent.com/PokeAPI/sprites/master/sprites/pokemon/350.png
351,castform,https://raw.githubusercontent.com/PokeAPI/sprites/master/sprites/pokemon/351.png
352,kecleon,https://raw.githubusercontent.com/PokeAPI/sprites/master/sprites/pokemon/352.png
353,shuppet,https://raw.githubusercontent.com/PokeAPI/sprites/master/sprites/pokemon/353.png
354,banette,https://raw.githubusercontent.com/PokeAPI/sprites/master/sprites/pokemon/354.png
355,duskull,https://raw.githubusercontent.com/PokeAPI/sprites/master/sprites/pokemon/355.png
356,dusclops,https://raw.githubusercontent.com/PokeAPI/sprites/master/sprites/pokemon/356.png
357,tropius,https://raw.githubusercontent.com/PokeAPI/sprites/master/sprites/pokemon/357.png
358,chimecho,https://raw.githubusercontent.com/PokeAPI/sprites/master/sprites/pokemon/358.png
359,absol,https://raw.githubusercontent.com/PokeAPI/sprites/master/sprites/pokemon/359.png
360,wynaut,https://raw.githubusercontent.com/PokeAPI/sprites/master/sprites/pokemon/360.png
361,snorunt,https://raw.githubusercontent.com/PokeAPI/sprites/master/sprites/pokemon/361.png
362,glalie,https://raw.githubusercontent.com/PokeAPI/sprites/master/sprites/pokemon/362.png
363,spheal,https://raw.githubusercontent.com/PokeAPI/sprites/master/sprites/pokemon/363.png
364,sealeo,https://raw.githubusercontent.com/PokeAPI/sprites/master/sprites/pokemon/364.png
365,walrein,https://raw.githubusercontent.com/PokeAPI/sprites/master/sprites/pokemon/365.png
366,clamperl,https://raw.githubusercontent.com/PokeAPI/sprites/master/sprites/pokemon/366.png
367,huntail,https://raw.githubusercontent.com/PokeAPI/sprites/master/sprites/pokemon/367.png
368,gorebyss,https://raw.githubusercontent.com/PokeAPI/sprites/master/sprites/pokemon/368.png
369,relicanth,https://raw.githubusercontent.com/PokeAPI/sprites/master/sprites/pokemon/369.png
370,luvdisc,https://raw.githubusercontent.com/PokeAPI/sprites/master/sprites/pokemon/370.png
371,bagon,https://raw.githubusercontent.com/PokeAPI/sprites/master/sprites/pokemon/371.png
372,shelgon,https://raw.githubusercontent.com/PokeAPI/sprites/master/sprites/pokemon/372.png
373,salamence,https://raw.githubusercontent.com/PokeAPI/sprites/master/sprites/pokemon/373.png
374,beldum,https://raw.githubusercontent.com/PokeAPI/sprites/master/sprites/pokemon/374.png
375,metang,https://raw.githubusercontent.com/PokeAPI/sprites/master/sprites/pokemon/375.png
376,metagross,https://raw.githubusercontent.com/PokeAPI/sprites/master/sprites/pokemon/376.png
377,regirock,https://raw.githubusercontent.com/PokeAPI/sprites/master/sprites/pokemon/377.png
378,regice,https://raw.githubusercontent.com/PokeAPI/sprites/master/sprites/pokemon/378.png
379,registeel,https://raw.githubusercontent.com/PokeAPI/sprites/master/sprites/pokemon/379.png
380,latias,https://raw.githubusercontent.com/PokeAPI/sprites/master/sprites/pokemon/380.png
381,latios,https://raw.githubusercontent.com/PokeAPI/sprites/master/sprites/pokemon/381.png
382,kyogre,https://raw.githubusercontent.com/PokeAPI/sprites/master/sprites/pokemon/382.png
383,groudon,https://raw.githubusercontent.com/PokeAPI/sprites/master/sprites/pokemon/383.png
384,rayquaza,https://raw.githubusercontent.com/PokeAPI/sprites/master/sprites/pokemon/384.png
385,jirachi,https://raw.githubusercontent.com/PokeAPI/sprites/master/sprites/pokemon/385.png
386,deoxys-normal,https://raw.githubusercontent.com/PokeAPI/sprites/master/sprites/pokemon/386.png
387,turtwig,https://raw.githubusercontent.com/PokeAPI/sprites/master/sprites/pokemon/387.png
388,grotle,https://raw.githubusercontent.com/PokeAPI/sprites/master/sprites/pokemon/388.png
389,torterra,https://raw.githubusercontent.com/PokeAPI/sprites/master/sprites/pokemon/389.png
390,chimchar,https://raw.githubusercontent.com/PokeAPI/sprites/master/sprites/pokemon/390.png
391,monferno,https://raw.githubusercontent.com/PokeAPI/sprites/master/sprites/pokemon/391.png
392,infernape,https://raw.githubusercontent.com/PokeAPI/sprites/master/sprites/pokemon/392.png
393,piplup,https://raw.githubusercontent.com/PokeAPI/sprites/master/sprites/pokemon/393.png
394,prinplup,https://raw.githubusercontent.com/PokeAPI/sprites/master/sprites/pokemon/394.png
395,empoleon,https://raw.githubusercontent.com/PokeAPI/sprites/master/sprites/pokemon/395.png
396,starly,https://raw.githubusercontent.com/PokeAPI/sprites/master/sprites/pokemon/396.png
397,staravia,https://raw.githubusercontent.com/PokeAPI/sprites/master/sprites/pokemon/397.png
398,staraptor,https://raw.githubusercontent.com/PokeAPI/sprites/master/sprites/pokemon/398.png
399,bidoof,https://raw.githubusercontent.com/PokeAPI/sprites/master/sprites/pokemon/399.png
400,bibarel,https://raw.githubusercontent.com/PokeAPI/sprites/master/sprites/pokemon/400.png
401,kricketot,https://raw.githubusercontent.com/PokeAPI/sprites/master/sprites/pokemon/401.png
402,kricketune,https://raw.githubusercontent.com/PokeAPI/sprites/master/sprites/pokemon/402.png
403,shinx,https://raw.githubusercontent.com/PokeAPI/sprites/master/sprites/pokemon/403.png
404,luxio,https://raw.githubusercontent.com/PokeAPI/sprites/master/sprites/pokemon/404.png
405,luxray,https://raw.githubusercontent.com/PokeAPI/sprites/master/sprites/pokemon/405.png
406,budew,https://raw.githubusercontent.com/PokeAPI/sprites/master/sprites/pokemon/406.png
407,roserade,https://raw.githubusercontent.com/PokeAPI/sprites/master/sprites/pokemon/407.png
408,cranidos,https://raw.githubusercontent.com/PokeAPI/sprites/master/sprites/pokemon/408.png
409,rampardos,https://raw.githubusercontent.com/PokeAPI/sprites/master/sprites/pokemon/409.png
410,shieldon,https://raw.githubusercontent.com/PokeAPI/sprites/master/sprites/pokemon/410.png
411,bastiodon,https://raw.githubusercontent.com/PokeAPI/sprites/master/sprites/pokemon/411.png
412,burmy,https://raw.githubusercontent.com/PokeAPI/sprites/master/sprites/pokemon/412.png
413,wormadam-plant,https://raw.githubusercontent.com/PokeAPI/sprites/master/sprites/pokemon/413.png
414,mothim,https://raw.githubusercontent.com/PokeAPI/sprites/master/sprites/pokemon/414.png
415,combee,https://raw.githubusercontent.com/PokeAPI/sprites/master/sprites/pokemon/415.png
416,vespiquen,https://raw.githubusercontent.com/PokeAPI/sprites/master/sprites/pokemon/416.png
417,pachirisu,https://raw.githubusercontent.com/PokeAPI/sprites/master/sprites/pokemon/417.png
418,buizel,https://raw.githubusercontent.com/PokeAPI/sprites/master/sprites/pokemon/418.png
419,floatzel,https://raw.githubusercontent.com/PokeAPI/sprites/master/sprites/pokemon/419.png
420,cherubi,https://raw.githubusercontent.com/PokeAPI/sprites/master/sprites/pokemon/420.png
421,cherrim,https://raw.githubusercontent.com/PokeAPI/sprites/master/sprites/pokemon/421.png
422,shellos,https://raw.githubusercontent.com/PokeAPI/sprites/master/sprites/pokemon/422.png
423,gastrodon,https://raw.githubusercontent.com/PokeAPI/sprites/master/sprites/pokemon/423.png
424,ambipom,https://raw.githubusercontent.com/PokeAPI/sprites/master/sprites/pokemon/424.png
425,drifloon,https://raw.githubusercontent.com/PokeAPI/sprites/master/sprites/pokemon/425.png
426,drifblim,https://raw.githubusercontent.com/PokeAPI/sprites/master/sprites/pokemon/426.png
427,buneary,https://raw.githubusercontent.com/PokeAPI/sprites/master/sprites/pokemon/427.png
428,lopunny,https://raw.githubusercontent.com/PokeAPI/sprites/master/sprites/pokemon/428.png
429,mismagius,https://raw.githubusercontent.com/PokeAPI/sprites/master/sprites/pokemon/429.png
430,honchkrow,https://raw.githubusercontent.com/PokeAPI/sprites/master/sprites/pokemon/430.png
431,glameow,https://raw.githubusercontent.com/PokeAPI/sprites/master/sprites/pokemon/431.png
432,purugly,https://raw.githubusercontent.com/PokeAPI/sprites/master/sprites/pokemon/432.png
433,chingling,https://raw.githubusercontent.com/PokeAPI/sprites/master/sprites/pokemon/433.png
434,stunky,https://raw.githubusercontent.com/PokeAPI/sprites/master/sprites/pokemon/434.png
435,skuntank,https://raw.githubusercontent.com/PokeAPI/sprites/master/sprites/pokemon/435.png
436,bronzor,https://raw.githubusercontent.com/PokeAPI/sprites/master/sprites/pokemon/436.png
437,bronzong,https://raw.githubusercontent.com/PokeAPI/sprites/master/sprites/pokemon/437.png
438,bonsly,https://raw.githubusercontent.com/PokeAPI/sprites/master/sprites/pokemon/438.png
439,mime-jr,https://raw.githubusercontent.com/PokeAPI/sprites/master/sprites/pokemon/439.png
440,happiny,https://raw.githubusercontent.com/PokeAPI/sprites/master/sprites/pokemon/440.png
441,chatot,https://raw.githubusercontent.com/PokeAPI/sprites/master/sprites/pokemon/441.png
442,spiritomb,https://raw.githubusercontent.com/PokeAPI/sprites/master/sprites/pokemon/442.png
443,gible,https://raw.githubusercontent.com/PokeAPI/sprites/master/sprites/pokemon/443.png
444,gabite,https://raw.githubusercontent.com/PokeAPI/sprites/master/sprites/pokemon/444.png
445,garchomp,https://raw.githubusercontent.com/PokeAPI/sprites/master/sprites/pokemon/445.png
446,munchlax,https://raw.githubusercontent.com/PokeAPI/sprites/master/sprites/pokemon/446.png
447,riolu,https://raw.githubusercontent.com/PokeAPI/sprites/master/sprites/pokemon/447.png
448,lucario,https://raw.githubusercontent.com/PokeAPI/sprites/master/sprites/pokemon/448.png
449,hippopotas,https://raw.githubusercontent.com/PokeAPI/sprites/master/sprites/pokemon/449.png
450,hippowdon,https://raw.githubusercontent.com/PokeAPI/sprites/master/sprites/pokemon/450.png
451,skorupi,https://raw.githubusercontent.com/PokeAPI/sprites/master/sprites/pokemon/451.png
452,drapion,https://raw.githubusercontent.com/PokeAPI/sprites/master/sprites/pokemon/452.png
453,croagunk,https://raw.githubusercontent.com/PokeAPI/sprites/master/sprites/pokemon/453.png
454,toxicroak,https://raw.githubusercontent.com/PokeAPI/sprites/master/sprites/pokemon/454.png
455,carnivine,https://raw.githubusercontent.com/PokeAPI/sprites/master/sprites/pokemon/455.png
456,finneon,https://raw.githubusercontent.com/PokeAPI/sprites/master/sprites/pokemon/456.png
457,lumineon,https://raw.githubusercontent.com/PokeAPI/sprites/master/sprites/pokemon/457.png
458,mantyke,https://raw.githubusercontent.com/PokeAPI/sprites/master/sprites/pokemon/458.png
459,snover,https://raw.githubusercontent.com/PokeAPI/sprites/master/sprites/pokemon/459.png
460,abomasnow,https://raw.githubusercontent.com/PokeAPI/sprites/master/sprites/pokemon/460.png
461,weavile,https://raw.githubusercontent.com/PokeAPI/sprites/master/sprites/pokemon/461.png
462,magnezone,https://raw.githubusercontent.com/PokeAPI/sprites/master/sprites/pokemon/462.png
463,lickilicky,https://raw.githubusercontent.com/PokeAPI/sprites/master/sprites/pokemon/463.png
464,rhyperior,https://raw.githubusercontent.com/PokeAPI/sprites/master/sprites/pokemon/464.png
465,tangrowth,https://raw.githubusercontent.com/PokeAPI/sprites/master/sprites/pokemon/465.png
466,electivire,https://raw.githubusercontent.com/PokeAPI/sprites/master/sprites/pokemon/466.png
467,magmortar,https://raw.githubusercontent.com/PokeAPI/sprites/master/sprites/pokemon/467.png
468,togekiss,https://raw.githubusercontent.com/PokeAPI/sprites/master/sprites/pokemon/468.png
469,yanmega,https://raw.githubusercontent.com/PokeAPI/sprites/master/sprites/pokemon/469.png
470,leafeon,https://raw.githubusercontent.com/PokeAPI/sprites/master/sprites/pokemon/470.png
471,glaceon,https://raw.githubusercontent.com/PokeAPI/sprites/master/sprites/pokemon/471.png
472,gliscor,https://raw.githubusercontent.com/PokeAPI/sprites/master/sprites/pokemon/472.png
473,mamoswine,https://raw.githubusercontent.com/PokeAPI/sprites/master/sprites/pokemon/473.png
474,porygon-z,https://raw.githubusercontent.com/PokeAPI/sprites/master/sprites/pokemon/474.png
475,gallade,https://raw.githubusercontent.com/PokeAPI/sprites/master/sprites/pokemon/475.png
476,probopass,https://raw.githubusercontent.com/PokeAPI/sprites/master/sprites/pokemon/476.png
477,dusknoir,https://raw.githubusercontent.com/PokeAPI/sprites/master/sprites/pokemon/477.png
478,froslass,https://raw.githubusercontent.com/PokeAPI/sprites/master/sprites/pokemon/478.png
479,rotom,https://raw.githubusercontent.com/PokeAPI/sprites/master/sprites/pokemon/479.png
480,uxie,https://raw.githubusercontent.com/PokeAPI/sprites/master/sprites/pokemon/480.png
481,mesprit,https://raw.githubusercontent.com/PokeAPI/sprites/master/sprites/pokemon/481.png
482,azelf,https://raw.githubusercontent.com/PokeAPI/sprites/master/sprites/pokemon/482.png
483,dialga,https://raw.githubusercontent.com/PokeAPI/sprites/master/sprites/pokemon/483.png
484,palkia,https://raw.githubusercontent.com/PokeAPI/sprites/master/sprites/pokemon/484.png
485,heatran,https://raw.githubusercontent.com/PokeAPI/sprites/master/sprites/pokemon/485.png
486,regigigas,https://raw.githubusercontent.com/PokeAPI/sprites/master/sprites/pokemon/486.png
487,giratina-altered,https://raw.githubusercontent.com/PokeAPI/sprites/master/sprites/pokemon/487.png
488,cresselia,https://raw.githubusercontent.com/PokeAPI/sprites/master/sprites/pokemon/488.png
489,phione,https://raw.githubusercontent.com/PokeAPI/sprites/master/sprites/pokemon/489.png
490,manaphy,https://raw.githubusercontent.com/PokeAPI/sprites/master/sprites/pokemon/490.png
491,darkrai,https://raw.githubusercontent.com/PokeAPI/sprites/master/sprites/pokemon/491.png
492,shaymin-land,https://raw.githubusercontent.com/PokeAPI/sprites/master/sprites/pokemon/492.png
493,arceus,https://raw.githubusercontent.com/PokeAPI/sprites/master/sprites/pokemon/493.png
494,victini,https://raw.githubusercontent.com/PokeAPI/sprites/master/sprites/pokemon/494.png
495,snivy,https://raw.githubusercontent.com/PokeAPI/sprites/master/sprites/pokemon/495.png
496,servine,https://raw.githubusercontent.com/PokeAPI/sprites/master/sprites/pokemon/496.png
497,serperior,https://raw.githubusercontent.com/PokeAPI/sprites/master/sprites/pokemon/497.png
498,tepig,https://raw.githubusercontent.com/PokeAPI/sprites/master/sprites/pokemon/498.png
499,pignite,https://raw.githubusercontent.com/PokeAPI/sprites/master/sprites/pokemon/499.png
500,emboar,https://raw.githubusercontent.com/PokeAPI/sprites/master/sprites/pokemon/500.png
501,oshawott,https://raw.githubusercontent.com/PokeAPI/sprites/master/sprites/pokemon/501.png
502,dewott,https://raw.githubusercontent.com/PokeAPI/sprites/master/sprites/pokemon/502.png
503,samurott,https://raw.githubusercontent.com/PokeAPI/sprites/master/sprites/pokemon/503.png
504,patrat,https://raw.githubusercontent.com/PokeAPI/sprites/master/sprites/pokemon/504.png
505,watchog,https://raw.githubusercontent.com/PokeAPI/sprites/master/sprites/pokemon/505.png
506,lillipup,https://raw.githubusercontent.com/PokeAPI/sprites/master/sprites/pokemon/506.png
507,herdier,https://raw.githubusercontent.com/PokeAPI/sprites/master/sprites/pokemon/507.png
508,stoutland,https://raw.githubusercontent.com/PokeAPI/sprites/master/sprites/pokemon/508.png
509,purrloin,https://raw.githubusercontent.com/PokeAPI/sprites/master/sprites/pokemon/509.png
510,liepard,https://raw.githubusercontent.com/PokeAPI/sprites/master/sprites/pokemon/510.png
511,pansage,https://raw.githubusercontent.com/PokeAPI/sprites/master/sprites/pokemon/511.png
512,simisage,https://raw.githubusercontent.com/PokeAPI/sprites/master/sprites/pokemon/512.png
513,pansear,https://raw.githubusercontent.com/PokeAPI/sprites/master/sprites/pokemon/513.png
514,simisear,https://raw.githubusercontent.com/PokeAPI/sprites/master/sprites/pokemon/514.png
515,panpour,https://raw.githubusercontent.com/PokeAPI/sprites/master/sprites/pokemon/515.png
516,simipour,https://raw.githubusercontent.com/PokeAPI/sprites/master/sprites/pokemon/516.png
517,munna,https://raw.githubusercontent.com/PokeAPI/sprites/master/sprites/pokemon/517.png
518,musharna,https://raw.githubusercontent.com/PokeAPI/sprites/master/sprites/pokemon/518.png
519,pidove,https://raw.githubusercontent.com/PokeAPI/sprites/master/sprites/pokemon/519.png
520,tranquill,https://raw.githubusercontent.com/PokeAPI/sprites/master/sprites/pokemon/520.png
521,unfezant,https://raw.githubusercontent.com/PokeAPI/sprites/master/sprites/pokemon/521.png
522,blitzle,https://raw.githubusercontent.com/PokeAPI/sprites/master/sprites/pokemon/522.png
523,zebstrika,https://raw.githubusercontent.com/PokeAPI/sprites/master/sprites/pokemon/523.png
524,roggenrola,https://raw.githubusercontent.com/PokeAPI/sprites/master/sprites/pokemon/524.png
525,boldore,https://raw.githubusercontent.com/PokeAPI/sprites/master/sprites/pokemon/525.png
526,gigalith,https://raw.githubusercontent.com/PokeAPI/sprites/master/sprites/pokemon/526.png
527,woobat,https://raw.githubusercontent.com/PokeAPI/sprites/master/sprites/pokemon/527.png
528,swoobat,https://raw.githubusercontent.com/PokeAPI/sprites/master/sprites/pokemon/528.png
529,drilbur,https://raw.githubusercontent.com/PokeAPI/sprites/master/sprites/pokemon/529.png
530,excadrill,https://raw.githubusercontent.com/PokeAPI/sprites/master/sprites/pokemon/530.png
531,audino,https://raw.githubusercontent.com/PokeAPI/sprites/master/sprites/pokemon/531.png
532,timburr,https://raw.githubusercontent.com/PokeAPI/sprites/master/sprites/pokemon/532.png
533,gurdurr,https://raw.githubusercontent.com/PokeAPI/sprites/master/sprites/pokemon/533.png
534,conkeldurr,https://raw.githubusercontent.com/PokeAPI/sprites/master/sprites/pokemon/534.png
535,tympole,https://raw.githubusercontent.com/PokeAPI/sprites/master/sprites/pokemon/535.png
536,palpitoad,https://raw.githubusercontent.com/PokeAPI/sprites/master/sprites/pokemon/536.png
537,seismitoad,https://raw.githubusercontent.com/PokeAPI/sprites/master/sprites/pokemon/537.png
538,throh,https://raw.githubusercontent.com/PokeAPI/sprites/master/sprites/pokemon/538.png
539,sawk,https://raw.githubusercontent.com/PokeAPI/sprites/master/sprites/pokemon/539.png
540,sewaddle,https://raw.githubusercontent.com/PokeAPI/sprites/master/sprites/pokemon/540.png
541,swadloon,https://raw.githubusercontent.com/PokeAPI/sprites/master/sprites/pokemon/541.png
542,leavanny,https://raw.githubusercontent.com/PokeAPI/sprites/master/sprites/pokemon/542.png
543,venipede,https://raw.githubusercontent.com/PokeAPI/sprites/master/sprites/pokemon/543.png
544,whirlipede,https://raw.githubusercontent.com/PokeAPI/sprites/master/sprites/pokemon/544.png
545,scolipede,https://raw.githubusercontent.com/PokeAPI/sprites/master/sprites/pokemon/545.png
546,cottonee,https://raw.githubusercontent.com/PokeAPI/sprites/master/sprites/pokemon/546.png
547,whimsicott,https://raw.githubusercontent.com/PokeAPI/sprites/master/sprites/pokemon/547.png
548,petilil,https://raw.githubusercontent.com/PokeAPI/sprites/master/sprites/pokemon/548.png
549,lilligant,https://raw.githubusercontent.com/PokeAPI/sprites/master/sprites/pokemon/549.png
550,basculin-red-striped,https://raw.githubusercontent.com/PokeAPI/sprites/master/sprites/pokemon/550.png
551,sandile,https://raw.githubusercontent.com/PokeAPI/sprites/master/sprites/pokemon/551.png
552,krokorok,https://raw.githubusercontent.com/PokeAPI/sprites/master/sprites/pokemon/552.png
553,krookodile,https://raw.githubusercontent.com/PokeAPI/sprites/master/sprites/pokemon/553.png
554,darumaka,https://raw.githubusercontent.com/PokeAPI/sprites/master/sprites/pokemon/554.png
555,darmanitan-standard,https://raw.githubusercontent.com/PokeAPI/sprites/master/sprites/pokemon/555.png
556,maractus,https://raw.githubusercontent.com/PokeAPI/sprites/master/sprites/pokemon/556.png
557,dwebble,https://raw.githubusercontent.com/PokeAPI/sprites/master/sprites/pokemon/557.png
558,crustle,https://raw.githubusercontent.com/PokeAPI/sprites/master/sprites/pokemon/558.png
559,scraggy,https://raw.githubusercontent.com/PokeAPI/sprites/master/sprites/pokemon/559.png
560,scrafty,https://raw.githubusercontent.com/PokeAPI/sprites/master/sprites/pokemon/560.png
561,sigilyph,https://raw.githubusercontent.com/PokeAPI/sprites/master/sprites/pokemon/561.png
562,yamask,https://raw.githubusercontent.com/PokeAPI/sprites/master/sprites/pokemon/562.png
563,cofagrigus,https://raw.githubusercontent.com/PokeAPI/sprites/master/sprites/pokemon/563.png
564,tirtouga,https://raw.githubusercontent.com/PokeAPI/sprites/master/sprites/pokemon/564.png
565,carracosta,https://raw.githubusercontent.com/PokeAPI/sprites/master/sprites/pokemon/565.png
566,archen,https://raw.githubusercontent.com/PokeAPI/sprites/master/sprites/pokemon/566.png
567,archeops,https://raw.githubusercontent.com/PokeAPI/sprites/master/sprites/pokemon/567.png
568,trubbish,https://raw.githubusercontent.com/PokeAPI/sprites/master/sprites/pokemon/568.png
569,garbodor,https://raw.githubusercontent.com/PokeAPI/sprites/master/sprites/pokemon/569.png
570,zorua,https://raw.githubusercontent.com/PokeAPI/sprites/master/sprites/pokemon/570.png
571,zoroark,https://raw.githubusercontent.com/PokeAPI/sprites/master/sprites/pokemon/571.png
572,minccino,https://raw.githubusercontent.com/PokeAPI/sprites/master/sprites/pokemon/572.png
573,cinccino,https://raw.githubusercontent.com/PokeAPI/sprites/master/sprites/pokemon/573.png
574,gothita,https://raw.githubusercontent.com/PokeAPI/sprites/master/sprites/pokemon/574.png
575,gothorita,https://raw.githubusercontent.com/PokeAPI/sprites/master/sprites/pokemon/575.png
576,gothitelle,https://raw.githubusercontent.com/PokeAPI/sprites/master/sprites/pokemon/576.png
577,solosis,https://raw.githubusercontent.com/PokeAPI/sprites/master/sprites/pokemon/577.png
578,duosion,https://raw.githubusercontent.com/PokeAPI/sprites/master/sprites/pokemon/578.png
579,reuniclus,https://raw.githubusercontent.com/PokeAPI/sprites/master/sprites/pokemon/579.png
580,ducklett,https://raw.githubusercontent.com/PokeAPI/sprites/master/sprites/pokemon/580.png
581,swanna,https://raw.githubusercontent.com/PokeAPI/sprites/master/sprites/pokemon/581.png
582,vanillite,https://raw.githubusercontent.com/PokeAPI/sprites/master/sprites/pokemon/582.png
583,vanillish,https://raw.githubusercontent.com/PokeAPI/sprites/master/sprites/pokemon/583.png
584,vanilluxe,https://raw.githubusercontent.com/PokeAPI/sprites/master/sprites/pokemon/584.png
585,deerling,https://raw.githubusercontent.com/PokeAPI/sprites/master/sprites/pokemon/585.png
586,sawsbuck,https://raw.githubusercontent.com/PokeAPI/sprites/master/sprites/pokemon/586.png
587,emolga,https://raw.githubusercontent.com/PokeAPI/sprites/master/sprites/pokemon/587.png
588,karrablast,https://raw.githubusercontent.com/PokeAPI/sprites/master/sprites/pokemon/588.png
589,escavalier,https://raw.githubusercontent.com/PokeAPI/sprites/master/sprites/pokemon/589.png
590,foongus,https://raw.githubusercontent.com/PokeAPI/sprites/master/sprites/pokemon/590.png
591,amoonguss,https://raw.githubusercontent.com/PokeAPI/sprites/master/sprites/pokemon/591.png
592,frillish,https://raw.githubusercontent.com/PokeAPI/sprites/master/sprites/pokemon/592.png
593,jellicent,https://raw.githubusercontent.com/PokeAPI/sprites/master/sprites/pokemon/593.png
594,alomomola,https://raw.githubusercontent.com/PokeAPI/sprites/master/sprites/pokemon/594.png
595,joltik,https://raw.githubusercontent.com/PokeAPI/sprites/master/sprites/pokemon/595.png
596,galvantula,https://raw.githubusercontent.com/PokeAPI/sprites/master/sprites/pokemon/596.png
597,ferroseed,https://raw.githubusercontent.com/PokeAPI/sprites/master/sprites/pokemon/597.png
598,ferrothorn,https://raw.githubusercontent.com/PokeAPI/sprites/master/sprites/pokemon/598.png
599,klink,https://raw.githubusercontent.com/PokeAPI/sprites/master/sprites/pokemon/599.png
600,klang,https://raw.githubusercontent.com/PokeAPI/sprites/master/sprites/pokemon/600.png
601,klinklang,https://raw.githubusercontent.com/PokeAPI/sprites/master/sprites/pokemon/601.png
602,tynamo,https://raw.githubusercontent.com/PokeAPI/sprites/master/sprites/pokemon/602.png
603,eelektrik,https://raw.githubusercontent.com/PokeAPI/sprites/master/sprites/pokemon/603.png
604,eelektross,https://raw.githubusercontent.com/PokeAPI/sprites/master/sprites/pokemon/604.png
605,elgyem,https://raw.githubusercontent.com/PokeAPI/sprites/master/sprites/pokemon/605.png
606,beheeyem,https://raw.githubusercontent.com/PokeAPI/sprites/master/sprites/pokemon/606.png
607,litwick,https://raw.githubusercontent.com/PokeAPI/sprites/master/sprites/pokemon/607.png
608,lampent,https://raw.githubusercontent.com/PokeAPI/sprites/master/sprites/pokemon/608.png
609,chandelure,https://raw.githubusercontent.com/PokeAPI/sprites/master/sprites/pokemon/609.png
610,axew,https://raw.githubusercontent.com/PokeAPI/sprites/master/sprites/pokemon/610.png
611,fraxure,https://raw.githubusercontent.com/PokeAPI/sprites/master/sprites/pokemon/611.png
612,haxorus,https://raw.githubusercontent.com/PokeAPI/sprites/master/sprites/pokemon/612.png
613,cubchoo,https://raw.githubusercontent.com/PokeAPI/sprites/master/sprites/pokemon/613.png
614,beartic,https://raw.githubusercontent.com/PokeAPI/sprites/master/sprites/pokemon/614.png
615,cryogonal,https://raw.githubusercontent.com/PokeAPI/sprites/master/sprites/pokemon/615.png
616,shelmet,https://raw.githubusercontent.com/PokeAPI/sprites/master/sprites/pokemon/616.png
617,accelgor,https://raw.githubusercontent.com/PokeAPI/sprites/master/sprites/pokemon/617.png
618,stunfisk,https://raw.githubusercontent.com/PokeAPI/sprites/master/sprites/pokemon/618.png
619,mienfoo,https://raw.githubusercontent.com/PokeAPI/sprites/master/sprites/pokemon/619.png
620,mienshao,https://raw.githubusercontent.com/PokeAPI/sprites/master/sprites/pokemon/620.png
621,druddigon,https://raw.githubusercontent.com/PokeAPI/sprites/master/sprites/pokemon/621.png
622,golett,https://raw.githubusercontent.com/PokeAPI/sprites/master/sprites/pokemon/622.png
623,golurk,https://raw.githubusercontent.com/PokeAPI/sprites/master/sprites/pokemon/623.png
624,pawniard,https://raw.githubusercontent.com/PokeAPI/sprites/master/sprites/pokemon/624.png
625,bisharp,https://raw.githubusercontent.com/PokeAPI/sprites/master/sprites/pokemon/625.png
626,bouffalant,https://raw.githubusercontent.com/PokeAPI/sprites/master/sprites/pokemon/626.png
627,rufflet,https://raw.githubusercontent.com/PokeAPI/sprites/master/sprites/pokemon/627.png
628,braviary,https://raw.githubusercontent.com/PokeAPI/sprites/master/sprites/pokemon/628.png
629,vullaby,https://raw.githubusercontent.com/PokeAPI/sprites/master/sprites/pokemon/629.png
630,mandibuzz,https://raw.githubusercontent.com/PokeAPI/sprites/master/sprites/pokemon/630.png
631,heatmor,https://raw.githubusercontent.com/PokeAPI/sprites/master/sprites/pokemon/631.png
632,durant,https://raw.githubusercontent.com/PokeAPI/sprites/master/sprites/pokemon/632.png
633,deino,https://raw.githubusercontent.com/PokeAPI/sprites/master/sprites/pokemon/633.png
634,zweilous,https://raw.githubusercontent.com/PokeAPI/sprites/master/sprites/pokemon/634.png
635,hydreigon,https://raw.githubusercontent.com/PokeAPI/sprites/master/sprites/pokemon/635.png
636,larvesta,https://raw.githubusercontent.com/PokeAPI/sprites/master/sprites/pokemon/636.png
637,volcarona,https://raw.githubusercontent.com/PokeAPI/sprites/master/sprites/pokemon/637.png
638,cobalion,https://raw.githubusercontent.com/PokeAPI/sprites/master/sprites/pokemon/638.png
639,terrakion,https://raw.githubusercontent.com/PokeAPI/sprites/master/sprites/pokemon/639.png
640,virizion,https://raw.githubusercontent.com/PokeAPI/sprites/master/sprites/pokemon/640.png
641,tornadus-incarnate,https://raw.githubusercontent.com/PokeAPI/sprites/master/sprites/pokemon/641.png
642,thundurus-incarnate,https://raw.githubusercontent.com/PokeAPI/sprites/master/sprites/pokemon/642.png
643,reshiram,https://raw.githubusercontent.com/PokeAPI/sprites/master/sprites/pokemon/643.png
644,zekrom,https://raw.githubusercontent.com/PokeAPI/sprites/master/sprites/pokemon/644.png
645,landorus-incarnate,https://raw.githubusercontent.com/PokeAPI/sprites/master/sprites/pokemon/645.png
646,kyurem,https://raw.githubusercontent.com/PokeAPI/sprites/master/sprites/pokemon/646.png
647,keldeo-ordinary,https://raw.githubusercontent.com/PokeAPI/sprites/master/sprites/pokemon/647.png
648,meloetta-aria,https://raw.githubusercontent.com/PokeAPI/sprites/master/sprites/pokemon/648.png
649,genesect,https://raw.githubusercontent.com/PokeAPI/sprites/master/sprites/pokemon/649.png
650,chespin,https://raw.githubusercontent.com/PokeAPI/sprites/master/sprites/pokemon/650.png
651,quilladin,https://raw.githubusercontent.com/PokeAPI/sprites/master/sprites/pokemon/651.png
652,chesnaught,https://raw.githubusercontent.com/PokeAPI/sprites/master/sprites/pokemon/652.png
653,fennekin,https://raw.githubusercontent.com/PokeAPI/sprites/master/sprites/pokemon/653.png
654,braixen,https://raw.githubusercontent.com/PokeAPI/sprites/master/sprites/pokemon/654.png
655,delphox,https://raw.githubusercontent.com/PokeAPI/sprites/master/sprites/pokemon/655.png
656,froakie,https://raw.githubusercontent.com/PokeAPI/sprites/master/sprites/pokemon/656.png
657,frogadier,https://raw.githubusercontent.com/PokeAPI/sprites/master/sprites/pokemon/657.png
658,greninja,https://raw.githubusercontent.com/PokeAPI/sprites/master/sprites/pokemon/658.png
659,bunnelby,https://raw.githubusercontent.com/PokeAPI/sprites/master/sprites/pokemon/659.png
660,diggersby,https://raw.githubusercontent.com/PokeAPI/sprites/master/sprites/pokemon/660.png
661,fletchling,https://raw.githubusercontent.com/PokeAPI/sprites/master/sprites/pokemon/661.png
662,fletchinder,https://raw.githubusercontent.com/PokeAPI/sprites/master/sprites/pokemon/662.png
663,talonflame,https://raw.githubusercontent.com/PokeAPI/sprites/master/sprites/pokemon/663.png
664,scatterbug,https://raw.githubusercontent.com/PokeAPI/sprites/master/sprites/pokemon/664.png
665,spewpa,https://raw.githubusercontent.com/PokeAPI/sprites/master/sprites/pokemon/665.png
666,vivillon,https://raw.githubusercontent.com/PokeAPI/sprites/master/sprites/pokemon/666.png
667,litleo,https://raw.githubusercontent.com/PokeAPI/sprites/master/sprites/pokemon/667.png
668,pyroar,https://raw.githubusercontent.com/PokeAPI/sprites/master/sprites/pokemon/668.png
669,flabebe,https://raw.githubusercontent.com/PokeAPI/sprites/master/sprites/pokemon/669.png
670,floette,https://raw.githubusercontent.com/PokeAPI/sprites/master/sprites/pokemon/670.png
671,florges,https://raw.githubusercontent.com/PokeAPI/sprites/master/sprites/pokemon/671.png
672,skiddo,https://raw.githubusercontent.com/PokeAPI/sprites/master/sprites/pokemon/672.png
673,gogoat,https://raw.githubusercontent.com/PokeAPI/sprites/master/sprites/pokemon/673.png
674,pancham,https://raw.githubusercontent.com/PokeAPI/sprites/master/sprites/pokemon/674.png
675,pangoro,https://raw.githubusercontent.com/PokeAPI/sprites/master/sprites/pokemon/675.png
676,furfrou,https://raw.githubusercontent.com/PokeAPI/sprites/master/sprites/pokemon/676.png
677,espurr,https://raw.githubusercontent.com/PokeAPI/sprites/master/sprites/pokemon/677.png
678,meowstic-male,https://raw.githubusercontent.com/PokeAPI/sprites/master/sprites/pokemon/678.png
679,honedge,https://raw.githubusercontent.com/PokeAPI/sprites/master/sprites/pokemon/679.png
680,doublade,https://raw.githubusercontent.com/PokeAPI/sprites/master/sprites/pokemon/680.png
681,aegislash-shield,https://raw.githubusercontent.com/PokeAPI/sprites/master/sprites/pokemon/681.png
682,spritzee,https://raw.githubusercontent.com/PokeAPI/sprites/master/sprites/pokemon/682.png
683,aromatisse,https://raw.githubusercontent.com/PokeAPI/sprites/master/sprites/pokemon/683.png
684,swirlix,https://raw.githubusercontent.com/PokeAPI/sprites/master/sprites/pokemon/684.png
685,slurpuff,https://raw.githubusercontent.com/PokeAPI/sprites/master/sprites/pokemon/685.png
686,inkay,https://raw.githubusercontent.com/PokeAPI/sprites/master/sprites/pokemon/686.png
687,malamar,https://raw.githubusercontent.com/PokeAPI/sprites/master/sprites/pokemon/687.png
688,binacle,https://raw.githubusercontent.com/PokeAPI/sprites/master/sprites/pokemon/688.png
689,barbaracle,https://raw.githubusercontent.com/PokeAPI/sprites/master/sprites/pokemon/689.png
690,skrelp,https://raw.githubusercontent.com/PokeAPI/sprites/master/sprites/pokemon/690.png
691,dragalge,https://raw.githubusercontent.com/PokeAPI/sprites/master/sprites/pokemon/691.png
692,clauncher,https://raw.githubusercontent.com/PokeAPI/sprites/master/sprites/pokemon/692.png
693,clawitzer,https://raw.githubusercontent.com/PokeAPI/sprites/master/sprites/pokemon/693.png
694,helioptile,https://raw.githubusercontent.com/PokeAPI/sprites/master/sprites/pokemon/694.png
695,heliolisk,https://raw.githubusercontent.com/PokeAPI/sprites/master/sprites/pokemon/695.png
696,tyrunt,https://raw.githubusercontent.com/PokeAPI/sprites/master/sprites/pokemon/696.png
697,tyrantrum,https://raw.githubusercontent.com/PokeAPI/sprites/master/sprites/pokemon/697.png
698,amaura,https://raw.githubusercontent.com/PokeAPI/sprites/master/sprites/pokemon/698.png
699,aurorus,https://raw.githubusercontent.com/PokeAPI/sprites/master/sprites/pokemon/699.png
700,sylveon,https://raw.githubusercontent.com/PokeAPI/sprites/master/sprites/pokemon/700.png
701,hawlucha,https://raw.githubusercontent.com/PokeAPI/sprites/master/sprites/pokemon/701.png
702,dedenne,https://raw.githubusercontent.com/PokeAPI/sprites/master/sprites/pokemon/702.png
703,carbink,https://raw.githubusercontent.com/PokeAPI/sprites/master/sprites/pokemon/703.png
704,goomy,https://raw.githubusercontent.com/PokeAPI/sprites/master/sprites/pokemon/704.png
705,sliggoo,https://raw.githubusercontent.com/PokeAPI/sprites/master/sprites/pokemon/705.png
706,goodra,https://raw.githubusercontent.com/PokeAPI/sprites/master/sprites/pokemon/706.png
707,klefki,https://raw.githubusercontent.com/PokeAPI/sprites/master/sprites/pokemon/707.png
708,phantump,https://raw.githubusercontent.com/PokeAPI/sprites/master/sprites/pokemon/708.png
709,trevenant,https://raw.githubusercontent.com/PokeAPI/sprites/master/sprites/pokemon/709.png
710,pumpkaboo-average,https://raw.githubusercontent.com/PokeAPI/sprites/master/sprites/pokemon/710.png
711,gourgeist-average,https://raw.githubusercontent.com/PokeAPI/sprites/master/sprites/pokemon/711.png
712,bergmite,https://raw.githubusercontent.com/PokeAPI/sprites/master/sprites/pokemon/712.png
713,avalugg,https://raw.githubusercontent.com/PokeAPI/sprites/master/sprites/pokemon/713.png
714,noibat,https://raw.githubusercontent.com/PokeAPI/sprites/master/sprites/pokemon/714.png
715,noivern,https://raw.githubusercontent.com/PokeAPI/sprites/master/sprites/pokemon/715.png
716,xerneas,https://raw.githubusercontent.com/PokeAPI/sprites/master/sprites/pokemon/716.png
717,yveltal,https://raw.githubusercontent.com/PokeAPI/sprites/master/sprites/pokemon/717.png
718,zygarde-50,https://raw.githubusercontent.com/PokeAPI/sprites/master/sprites/pokemon/718.png
719,diancie,https://raw.githubusercontent.com/PokeAPI/sprites/master/sprites/pokemon/719.png
720,hoopa,https://raw.githubusercontent.com/PokeAPI/sprites/master/sprites/pokemon/720.png
721,volcanion,https://raw.githubusercontent.com/PokeAPI/sprites/master/sprites/pokemon/721.png
722,rowlet,https://raw.githubusercontent.com/PokeAPI/sprites/master/sprites/pokemon/722.png
723,dartrix,https://raw.githubusercontent.com/PokeAPI/sprites/master/sprites/pokemon/723.png
724,decidueye,https://raw.githubusercontent.com/PokeAPI/sprites/master/sprites/pokemon/724.png
725,litten,https://raw.githubusercontent.com/PokeAPI/sprites/master/sprites/pokemon/725.png
726,torracat,https://raw.githubusercontent.com/PokeAPI/sprites/master/sprites/pokemon/726.png
727,incineroar,https://raw.githubusercontent.com/PokeAPI/sprites/master/sprites/pokemon/727.png
728,popplio,https://raw.githubusercontent.com/PokeAPI/sprites/master/sprites/pokemon/728.png
729,brionne,https://raw.githubusercontent.com/PokeAPI/sprites/master/sprites/pokemon/729.png
730,primarina,https://raw.githubusercontent.com/PokeAPI/sprites/master/sprites/pokemon/730.png
731,pikipek,https://raw.githubusercontent.com/PokeAPI/sprites/master/sprites/pokemon/731.png
732,trumbeak,https://raw.githubusercontent.com/PokeAPI/sprites/master/sprites/pokemon/732.png
733,toucannon,https://raw.githubusercontent.com/PokeAPI/sprites/master/sprites/pokemon/733.png
734,yungoos,https://raw.githubusercontent.com/PokeAPI/sprites/master/sprites/pokemon/734.png
735,gumshoos,https://raw.githubusercontent.com/PokeAPI/sprites/master/sprites/pokemon/735.png
736,grubbin,https://raw.githubusercontent.com/PokeAPI/sprites/master/sprites/pokemon/736.png
737,charjabug,https://raw.githubusercontent.com/PokeAPI/sprites/master/sprites/pokemon/737.png
738,vikavolt,https://raw.githubusercontent.com/PokeAPI/sprites/master/sprites/pokemon/738.png
739,crabrawler,https://raw.githubusercontent.com/PokeAPI/sprites/master/sprites/pokemon/739.png
740,crabominable,https://raw.githubusercontent.com/PokeAPI/sprites/master/sprites/pokemon/740.png
741,oricorio-baile,https://raw.githubusercontent.com/PokeAPI/sprites/master/sprites/pokemon/741.png
742,cutiefly,https://raw.githubusercontent.com/PokeAPI/sprites/master/sprites/pokemon/742.png
743,ribombee,https://raw.githubusercontent.com/PokeAPI/sprites/master/sprites/pokemon/743.png
744,rockruff,https://raw.githubusercontent.com/PokeAPI/sprites/master/sprites/pokemon/744.png
745,lycanroc-midday,https://raw.githubusercontent.com/PokeAPI/sprites/master/sprites/pokemon/745.png
746,wishiwashi-solo,https://raw.githubusercontent.com/PokeAPI/sprites/master/sprites/pokemon/746.png
747,mareanie,https://raw.githubusercontent.com/PokeAPI/sprites/master/sprites/pokemon/747.png
748,toxapex,https://raw.githubusercontent.com/PokeAPI/sprites/master/sprites/pokemon/748.png
749,mudbray,https://raw.githubusercontent.com/PokeAPI/sprites/master/sprites/pokemon/749.png
750,mudsdale,https://raw.githubusercontent.com/PokeAPI/sprites/master/sprites/pokemon/750.png
751,dewpider,https://raw.githubusercontent.com/PokeAPI/sprites/master/sprites/pokemon/751.png
752,araquanid,https://raw.githubusercontent.com/PokeAPI/sprites/master/sprites/pokemon/752.png
753,fomantis,https://raw.githubusercontent.com/PokeAPI/sprites/master/sprites/pokemon/753.png
754,lurantis,https://raw.githubusercontent.com/PokeAPI/sprites/master/sprites/pokemon/754.png
755,morelull,https://raw.githubusercontent.com/PokeAPI/sprites/master/sprites/pokemon/755.png
756,shiinotic,https://raw.githubusercontent.com/PokeAPI/sprites/master/sprites/pokemon/756.png
757,salandit,https://raw.githubusercontent.com/PokeAPI/sprites/master/sprites/pokemon/757.png
758,salazzle,https://raw.githubusercontent.com/PokeAPI/sprites/master/sprites/pokemon/758.png
759,stufful,https://raw.githubusercontent.com/PokeAPI/sprites/master/sprites/pokemon/759.png
760,bewear,https://raw.githubusercontent.com/PokeAPI/sprites/master/sprites/pokemon/760.png
761,bounsweet,https://raw.githubusercontent.com/PokeAPI/sprites/master/sprites/pokemon/761.png
762,steenee,https://raw.githubusercontent.com/PokeAPI/sprites/master/sprites/pokemon/762.png
763,tsareena,https://raw.githubusercontent.com/PokeAPI/sprites/master/sprites/pokemon/763.png
764,comfey,https://raw.githubusercontent.com/PokeAPI/sprites/master/sprites/pokemon/764.png
765,oranguru,https://raw.githubusercontent.com/PokeAPI/sprites/master/sprites/pokemon/765.png
766,passimian,https://raw.githubusercontent.com/PokeAPI/sprites/master/sprites/pokemon/766.png
767,wimpod,https://raw.githubusercontent.com/PokeAPI/sprites/master/sprites/pokemon/767.png
768,golisopod,https://raw.githubusercontent.com/PokeAPI/sprites/master/sprites/pokemon/768.png
769,sandygast,https://raw.githubusercontent.com/PokeAPI/sprites/master/sprites/pokemon/769.png
770,palossand,https://raw.githubusercontent.com/PokeAPI/sprites/master/sprites/pokemon/770.png
771,pyukumuku,https://raw.githubusercontent.com/PokeAPI/sprites/master/sprites/pokemon/771.png
772,type-null,https://raw.githubusercontent.com/PokeAPI/sprites/master/sprites/pokemon/772.png
773,silvally,https://raw.githubusercontent.com/PokeAPI/sprites/master/sprites/pokemon/773.png
774,minior-red-meteor,https://raw.githubusercontent.com/PokeAPI/sprites/master/sprites/pokemon/774.png
775,komala,https://raw.githubusercontent.com/PokeAPI/sprites/master/sprites/pokemon/775.png
776,turtonator,https://raw.githubusercontent.com/PokeAPI/sprites/master/sprites/pokemon/776.png
777,togedemaru,https://raw.githubusercontent.com/PokeAPI/sprites/master/sprites/pokemon/777.png
778,mimikyu-disguised,https://raw.githubusercontent.com/PokeAPI/sprites/master/sprites/pokemon/778.png
779,bruxish,https://raw.githubusercontent.com/PokeAPI/sprites/master/sprites/pokemon/779.png
780,drampa,https://raw.githubusercontent.com/PokeAPI/sprites/master/sprites/pokemon/780.png
781,dhelmise,https://raw.githubusercontent.com/PokeAPI/sprites/master/sprites/pokemon/781.png
782,jangmo-o,https://raw.githubusercontent.com/PokeAPI/sprites/master/sprites/pokemon/782.png
783,hakamo-o,https://raw.githubusercontent.com/PokeAPI/sprites/master/sprites/pokemon/783.png
784,kommo-o,https://raw.githubusercontent.com/PokeAPI/sprites/master/sprites/pokemon/784.png
785,tapu-koko,https://raw.githubusercontent.com/PokeAPI/sprites/master/sprites/pokemon/785.png
786,tapu-lele,https://raw.githubusercontent.com/PokeAPI/sprites/master/sprites/pokemon/786.png
787,tapu-bulu,https://raw.githubusercontent.com/PokeAPI/sprites/master/sprites/pokemon/787.png
788,tapu-fini,https://raw.githubusercontent.com/PokeAPI/sprites/master/sprites/pokemon/788.png
789,cosmog,https://raw.githubusercontent.com/PokeAPI/sprites/master/sprites/pokemon/789.png
790,cosmoem,https://raw.githubusercontent.com/PokeAPI/sprites/master/sprites/pokemon/790.png
791,solgaleo,https://raw.githubusercontent.com/PokeAPI/sprites/master/sprites/pokemon/791.png
792,lunala,https://raw.githubusercontent.com/PokeAPI/sprites/master/sprites/pokemon/792.png
793,nihilego,https://raw.githubusercontent.com/PokeAPI/sprites/master/sprites/pokemon/793.png
794,buzzwole,https://raw.githubusercontent.com/PokeAPI/sprites/master/sprites/pokemon/794.png
795,pheromosa,https://raw.githubusercontent.com/PokeAPI/sprites/master/sprites/pokemon/795.png
796,xurkitree,https://raw.githubusercontent.com/PokeAPI/sprites/master/sprites/pokemon/796.png
797,celesteela,https://raw.githubusercontent.com/PokeAPI/sprites/master/sprites/pokemon/797.png
798,kartana,https://raw.githubusercontent.com/PokeAPI/sprites/master/sprites/pokemon/798.png
799,guzzlord,https://raw.githubusercontent.com/PokeAPI/sprites/master/sprites/pokemon/799.png
800,necrozma,https://raw.githubusercontent.com/PokeAPI/sprites/master/sprites/pokemon/800.png
801,magearna,https://raw.githubusercontent.com/PokeAPI/sprites/master/sprites/pokemon/801.png
802,marshadow,https://raw.githubusercontent.com/PokeAPI/sprites/master/sprites/pokemon/802.png
803,poipole,https://raw.githubusercontent.com/PokeAPI/sprites/master/sprites/pokemon/803.png
804,naganadel,https://raw.githubusercontent.com/PokeAPI/sprites/master/sprites/pokemon/804.png
805,stakataka,https://raw.githubusercontent.com/PokeAPI/sprites/master/sprites/pokemon/805.png
806,blacephalon,https://raw.githubusercontent.com/PokeAPI/sprites/master/sprites/pokemon/806.png
807,zeraora,https://raw.githubusercontent.com/PokeAPI/sprites/master/sprites/pokemon/807.png
808,meltan,https://raw.githubusercontent.com/PokeAPI/sprites/master/sprites/pokemon/808.png
809,melmetal,https://raw.githubusercontent.com/PokeAPI/sprites/master/sprites/pokemon/809.png
810,grookey,https://raw.githubusercontent.com/PokeAPI/sprites/master/sprites/pokemon/810.png
811,thwackey,https://raw.githubusercontent.com/PokeAPI/sprites/master/sprites/pokemon/811.png
812,rillaboom,https://raw.githubusercontent.com/PokeAPI/sprites/master/sprites/pokemon/812.png
813,scorbunny,https://raw.githubusercontent.com/PokeAPI/sprites/master/sprites/pokemon/813.png
814,raboot,https://raw.githubusercontent.com/PokeAPI/sprites/master/sprites/pokemon/814.png
815,cinderace,https://raw.githubusercontent.com/PokeAPI/sprites/master/sprites/pokemon/815.png
816,sobble,https://raw.githubusercontent.com/PokeAPI/sprites/master/sprites/pokemon/816.png
817,drizzile,https://raw.githubusercontent.com/PokeAPI/sprites/master/sprites/pokemon/817.png
818,inteleon,https://raw.githubusercontent.com/PokeAPI/sprites/master/sprites/pokemon/818.png
819,skwovet,https://raw.githubusercontent.com/PokeAPI/sprites/master/sprites/pokemon/819.png
820,greedent,https://raw.githubusercontent.com/PokeAPI/sprites/master/sprites/pokemon/820.png
821,rookidee,https://raw.githubusercontent.com/PokeAPI/sprites/master/sprites/pokemon/821.png
822,corvisquire,https://raw.githubusercontent.com/PokeAPI/sprites/master/sprites/pokemon/822.png
823,corviknight,https://raw.githubusercontent.com/PokeAPI/sprites/master/sprites/pokemon/823.png
824,blipbug,https://raw.githubusercontent.com/PokeAPI/sprites/master/sprites/pokemon/824.png
825,dottler,https://raw.githubusercontent.com/PokeAPI/sprites/master/sprites/pokemon/825.png
826,orbeetle,https://raw.githubusercontent.com/PokeAPI/sprites/master/sprites/pokemon/826.png
827,nickit,https://raw.githubusercontent.com/PokeAPI/sprites/master/sprites/pokemon/827.png
828,thievul,https://raw.githubusercontent.com/PokeAPI/sprites/master/sprites/pokemon/828.png
829,gossifleur,https://raw.githubusercontent.com/PokeAPI/sprites/master/sprites/pokemon/829.png
830,eldegoss,https://raw.githubusercontent.com/PokeAPI/sprites/master/sprites/pokemon/830.png
831,wooloo,https://raw.githubusercontent.com/PokeAPI/sprites/master/sprites/pokemon/831.png
832,dubwool,https://raw.githubusercontent.com/PokeAPI/sprites/master/sprites/pokemon/832.png
833,chewtle,https://raw.githubusercontent.com/PokeAPI/sprites/master/sprites/pokemon/833.png
834,drednaw,https://raw.githubusercontent.com/PokeAPI/sprites/master/sprites/pokemon/834.png
835,yamper,https://raw.githubusercontent.com/PokeAPI/sprites/master/sprites/pokemon/835.png
836,boltund,https://raw.githubusercontent.com/PokeAPI/sprites/master/sprites/pokemon/836.png
837,rolycoly,https://raw.githubusercontent.com/PokeAPI/sprites/master/sprites/pokemon/837.png
838,carkol,https://raw.githubusercontent.com/PokeAPI/sprites/master/sprites/pokemon/838.png
839,coalossal,https://raw.githubusercontent.com/PokeAPI/sprites/master/sprites/pokemon/839.png
840,applin,https://raw.githubusercontent.com/PokeAPI/sprites/master/sprites/pokemon/840.png
841,flapple,https://raw.githubusercontent.com/PokeAPI/sprites/master/sprites/pokemon/841.png
842,appletun,https://raw.githubusercontent.com/PokeAPI/sprites/master/sprites/pokemon/842.png
843,silicobra,https://raw.githubusercontent.com/PokeAPI/sprites/master/sprites/pokemon/843.png
844,sandaconda,https://raw.githubusercontent.com/PokeAPI/sprites/master/sprites/pokemon/844.png
845,cramorant,https://raw.githubusercontent.com/PokeAPI/sprites/master/sprites/pokemon/845.png
846,arrokuda,https://raw.githubusercontent.com/PokeAPI/sprites/master/sprites/pokemon/846.png
847,barraskewda,https://raw.githubusercontent.com/PokeAPI/sprites/master/sprites/pokemon/847.png
848,toxel,https://raw.githubusercontent.com/PokeAPI/sprites/master/sprites/pokemon/848.png
849,toxtricity-amped,https://raw.githubusercontent.com/PokeAPI/sprites/master/sprites/pokemon/849.png
850,sizzlipede,https://raw.githubusercontent.com/PokeAPI/sprites/master/sprites/pokemon/850.png
851,centiskorch,https://raw.githubusercontent.com/PokeAPI/sprites/master/sprites/pokemon/851.png
852,clobbopus,https://raw.githubusercontent.com/PokeAPI/sprites/master/sprites/pokemon/852.png
853,grapploct,https://raw.githubusercontent.com/PokeAPI/sprites/master/sprites/pokemon/853.png
854,sinistea,https://raw.githubusercontent.com/PokeAPI/sprites/master/sprites/pokemon/854.png
855,polteageist,https://raw.githubusercontent.com/PokeAPI/sprites/master/sprites/pokemon/855.png
856,hatenna,https://raw.githubusercontent.com/PokeAPI/sprites/master/sprites/pokemon/856.png
857,hattrem,https://raw.githubusercontent.com/PokeAPI/sprites/master/sprites/pokemon/857.png
858,hatterene,https://raw.githubusercontent.com/PokeAPI/sprites/master/sprites/pokemon/858.png
859,impidimp,https://raw.githubusercontent.com/PokeAPI/sprites/master/sprites/pokemon/859.png
860,morgrem,https://raw.githubusercontent.com/PokeAPI/sprites/master/sprites/pokemon/860.png
861,grimmsnarl,https://raw.githubusercontent.com/PokeAPI/sprites/master/sprites/pokemon/861.png
862,obstagoon,https://raw.githubusercontent.com/PokeAPI/sprites/master/sprites/pokemon/862.png
863,perrserker,https://raw.githubusercontent.com/PokeAPI/sprites/master/sprites/pokemon/863.png
864,cursola,https://raw.githubusercontent.com/PokeAPI/sprites/master/sprites/pokemon/864.png
865,sirfetchd,https://raw.githubusercontent.com/PokeAPI/sprites/master/sprites/pokemon/865.png
866,mr-rime,https://raw.githubusercontent.com/PokeAPI/sprites/master/sprites/pokemon/866.png
867,runerigus,https://raw.githubusercontent.com/PokeAPI/sprites/master/sprites/pokemon/867.png
868,milcery,https://raw.githubusercontent.com/PokeAPI/sprites/master/sprites/pokemon/868.png
869,alcremie,https://raw.githubusercontent.com/PokeAPI/sprites/master/sprites/pokemon/869.png
870,falinks,https://raw.githubusercontent.com/PokeAPI/sprites/master/sprites/pokemon/870.png
871,pincurchin,https://raw.githubusercontent.com/PokeAPI/sprites/master/sprites/pokemon/871.png
872,snom,https://raw.githubusercontent.com/PokeAPI/sprites/master/sprites/pokemon/872.png
873,frosmoth,https://raw.githubusercontent.com/PokeAPI/sprites/master/sprites/pokemon/873.png
874,stonjourner,https://raw.githubusercontent.com/PokeAPI/sprites/master/sprites/pokemon/874.png
875,eiscue-ice,https://raw.githubusercontent.com/PokeAPI/sprites/master/sprites/pokemon/875.png
876,indeedee-male,https://raw.githubusercontent.com/PokeAPI/sprites/master/sprites/pokemon/876.png
877,morpeko-full-belly,https://raw.githubusercontent.com/PokeAPI/sprites/master/sprites/pokemon/877.png
878,cufant,https://raw.githubusercontent.com/PokeAPI/sprites/master/sprites/pokemon/878.png
879,copperajah,https://raw.githubusercontent.com/PokeAPI/sprites/master/sprites/pokemon/879.png
880,dracozolt,https://raw.githubusercontent.com/PokeAPI/sprites/master/sprites/pokemon/880.png
881,arctozolt,https://raw.githubusercontent.com/PokeAPI/sprites/master/sprites/pokemon/881.png
882,dracovish,https://raw.githubusercontent.com/PokeAPI/sprites/master/sprites/pokemon/882.png
883,arctovish,https://raw.githubusercontent.com/PokeAPI/sprites/master/sprites/pokemon/883.png
884,duraludon,https://raw.githubusercontent.com/PokeAPI/sprites/master/sprites/pokemon/884.png
885,dreepy,https://raw.githubusercontent.com/PokeAPI/sprites/master/sprites/pokemon/885.png
886,drakloak,https://raw.githubusercontent.com/PokeAPI/sprites/master/sprites/pokemon/886.png
887,dragapult,https://raw.githubusercontent.com/PokeAPI/sprites/master/sprites/pokemon/887.png
888,zacian,https://raw.githubusercontent.com/PokeAPI/sprites/master/sprites/pokemon/888.png
889,zamazenta,https://raw.githubusercontent.com/PokeAPI/sprites/master/sprites/pokemon/889.png
890,eternatus,https://raw.githubusercontent.com/PokeAPI/sprites/master/sprites/pokemon/890.png
891,kubfu,https://raw.githubusercontent.com/PokeAPI/sprites/master/sprites/pokemon/891.png
892,urshifu-single-strike,https://raw.githubusercontent.com/PokeAPI/sprites/master/sprites/pokemon/892.png
893,zarude,https://raw.githubusercontent.com/PokeAPI/sprites/master/sprites/pokemon/893.png
894,regieleki,https://raw.githubusercontent.com/PokeAPI/sprites/master/sprites/pokemon/894.png
895,regidrago,https://raw.githubusercontent.com/PokeAPI/sprites/master/sprites/pokemon/895.png
896,glastrier,https://raw.githubusercontent.com/PokeAPI/sprites/master/sprites/pokemon/896.png
897,spectrier,https://raw.githubusercontent.com/PokeAPI/sprites/master/sprites/pokemon/897.png
898,calyrex,https://raw.githubusercontent.com/PokeAPI/sprites/master/sprites/pokemon/898.png
899,wyrdeer,https://raw.githubusercontent.com/PokeAPI/sprites/master/sprites/pokemon/899.png
900,kleavor,https://raw.githubusercontent.com/PokeAPI/sprites/master/sprites/pokemon/900.png
901,ursaluna,https://raw.githubusercontent.com/PokeAPI/sprites/master/sprites/pokemon/901.png
902,basculegion-male,https://raw.githubusercontent.com/PokeAPI/sprites/master/sprites/pokemon/902.png
903,sneasler,https://raw.githubusercontent.com/PokeAPI/sprites/master/sprites/pokemon/903.png
904,overqwil,https://raw.githubusercontent.com/PokeAPI/sprites/master/sprites/pokemon/904.png
905,enamorus-incarnate,https://raw.githubusercontent.com/PokeAPI/sprites/master/sprites/pokemon/905.png
906,sprigatito,https://raw.githubusercontent.com/PokeAPI/sprites/master/sprites/pokemon/906.png
907,floragato,https://raw.githubusercontent.com/PokeAPI/sprites/master/sprites/pokemon/907.png
908,meowscarada,https://raw.githubusercontent.com/PokeAPI/sprites/master/sprites/pokemon/908.png
909,fuecoco,https://raw.githubusercontent.com/PokeAPI/sprites/master/sprites/pokemon/909.png
910,crocalor,https://raw.githubusercontent.com/PokeAPI/sprites/master/sprites/pokemon/910.png
911,skeledirge,https://raw.githubusercontent.com/PokeAPI/sprites/master/sprites/pokemon/911.png
912,quaxly,https://raw.githubusercontent.com/PokeAPI/sprites/master/sprites/pokemon/912.png
913,quaxwell,https://raw.githubusercontent.com/PokeAPI/sprites/master/sprites/pokemon/913.png
914,quaquaval,https://raw.githubusercontent.com/PokeAPI/sprites/master/sprites/pokemon/914.png
915,lechonk,https://raw.githubusercontent.com/PokeAPI/sprites/master/sprites/pokemon/915.png
916,oinkologne,https://raw.githubusercontent.com/PokeAPI/sprites/master/sprites/pokemon/916.png
917,tarountula,https://raw.githubusercontent.com/PokeAPI/sprites/master/sprites/pokemon/917.png
918,spidops,https://raw.githubusercontent.com/PokeAPI/sprites/master/sprites/pokemon/918.png
919,nymble,https://raw.githubusercontent.com/PokeAPI/sprites/master/sprites/pokemon/919.png
920,lokix,https://raw.githubusercontent.com/PokeAPI/sprites/master/sprites/pokemon/920.png
921,pawmi,https://raw.githubusercontent.com/PokeAPI/sprites/master/sprites/pokemon/921.png
922,pawmo,https://raw.githubusercontent.com/PokeAPI/sprites/master/sprites/pokemon/922.png
923,pawmot,https://raw.githubusercontent.com/PokeAPI/sprites/master/sprites/pokemon/923.png
924,tandemaus,https://raw.githubusercontent.com/PokeAPI/sprites/master/sprites/pokemon/924.png
925,maushold,https://raw.githubusercontent.com/PokeAPI/sprites/master/sprites/pokemon/925.png
926,fidough,https://raw.githubusercontent.com/PokeAPI/sprites/master/sprites/pokemon/926.png
927,dachsbun,https://raw.githubusercontent.com/PokeAPI/sprites/master/sprites/pokemon/927.png
928,smoliv,https://raw.githubusercontent.com/PokeAPI/sprites/master/sprites/pokemon/928.png
929,dolliv,https://raw.githubusercontent.com/PokeAPI/sprites/master/sprites/pokemon/929.png
930,arboliva,https://raw.githubusercontent.com/PokeAPI/sprites/master/sprites/pokemon/930.png
931,squawkabilly,https://raw.githubusercontent.com/PokeAPI/sprites/master/sprites/pokemon/931.png
932,nacli,https://raw.githubusercontent.com/PokeAPI/sprites/master/sprites/pokemon/932.png
933,naclstack,https://raw.githubusercontent.com/PokeAPI/sprites/master/sprites/pokemon/933.png
934,garganacl,https://raw.githubusercontent.com/PokeAPI/sprites/master/sprites/pokemon/934.png
935,charcadet,https://raw.githubusercontent.com/PokeAPI/sprites/master/sprites/pokemon/935.png
936,armarouge,https://raw.githubusercontent.com/PokeAPI/sprites/master/sprites/pokemon/936.png
937,ceruledge,https://raw.githubusercontent.com/PokeAPI/sprites/master/sprites/pokemon/937.png
938,tadbulb,https://raw.githubusercontent.com/PokeAPI/sprites/master/sprites/pokemon/938.png
939,bellibolt,https://raw.githubusercontent.com/PokeAPI/sprites/master/sprites/pokemon/939.png
940,wattrel,https://raw.githubusercontent.com/PokeAPI/sprites/master/sprites/pokemon/940.png
941,kilowattrel,https://raw.githubusercontent.com/PokeAPI/sprites/master/sprites/pokemon/941.png
942,maschiff,https://raw.githubusercontent.com/PokeAPI/sprites/master/sprites/pokemon/942.png
943,mabosstiff,https://raw.githubusercontent.com/PokeAPI/sprites/master/sprites/pokemon/943.png
944,shroodle,https://raw.githubusercontent.com/PokeAPI/sprites/master/sprites/pokemon/944.png
945,grafaiai,https://raw.githubusercontent.com/PokeAPI/sprites/master/sprites/pokemon/945.png
946,bramblin,https://raw.githubusercontent.com/PokeAPI/sprites/master/sprites/pokemon/946.png
947,brambleghast,https://raw.githubusercontent.com/PokeAPI/sprites/master/sprites/pokemon/947.png
948,toedscool,https://raw.githubusercontent.com/PokeAPI/sprites/master/sprites/pokemon/948.png
949,toedscruel,https://raw.githubusercontent.com/PokeAPI/sprites/master/sprites/pokemon/949.png
950,klawf,https://raw.githubusercontent.com/PokeAPI/sprites/master/sprites/pokemon/950.png
951,capsakid,https://raw.githubusercontent.com/PokeAPI/sprites/master/sprites/pokemon/951.png
952,scovillain,https://raw.githubusercontent.com/PokeAPI/sprites/master/sprites/pokemon/952.png
953,rellor,https://raw.githubusercontent.com/PokeAPI/sprites/master/sprites/pokemon/953.png
954,rabsca,https://raw.githubusercontent.com/PokeAPI/sprites/master/sprites/pokemon/954.png
955,flittle,https://raw.githubusercontent.com/PokeAPI/sprites/master/sprites/pokemon/955.png
956,espathra,https://raw.githubusercontent.com/PokeAPI/sprites/master/sprites/pokemon/956.png
957,tinkatink,https://raw.githubusercontent.com/PokeAPI/sprites/master/sprites/pokemon/957.png
958,tinkatuff,https://raw.githubusercontent.com/PokeAPI/sprites/master/sprites/pokemon/958.png
959,tinkaton,https://raw.githubusercontent.com/PokeAPI/sprites/master/sprites/pokemon/959.png
960,wiglett,https://raw.githubusercontent.com/PokeAPI/sprites/master/sprites/pokemon/960.png
961,wugtrio,https://raw.githubusercontent.com/PokeAPI/sprites/master/sprites/pokemon/961.png
962,bombirdier,https://raw.githubusercontent.com/PokeAPI/sprites/master/sprites/pokemon/962.png
963,finizen,https://raw.githubusercontent.com/PokeAPI/sprites/master/sprites/pokemon/963.png
964,palafin,https://raw.githubusercontent.com/PokeAPI/sprites/master/sprites/pokemon/964.png
965,varoom,https://raw.githubusercontent.com/PokeAPI/sprites/master/sprites/pokemon/965.png
966,revavroom,https://raw.githubusercontent.com/PokeAPI/sprites/master/sprites/pokemon/966.png
967,cyclizar,https://raw.githubusercontent.com/PokeAPI/sprites/master/sprites/pokemon/967.png
968,orthworm,https://raw.githubusercontent.com/PokeAPI/sprites/master/sprites/pokemon/968.png
969,glimmet,https://raw.githubusercontent.com/PokeAPI/sprites/master/sprites/pokemon/969.png
970,glimmora,https://raw.githubusercontent.com/PokeAPI/sprites/master/sprites/pokemon/970.png
971,greavard,https://raw.githubusercontent.com/PokeAPI/sprites/master/sprites/pokemon/971.png
972,houndstone,https://raw.githubusercontent.com/PokeAPI/sprites/master/sprites/pokemon/972.png
973,flamigo,https://raw.githubusercontent.com/PokeAPI/sprites/master/sprites/pokemon/973.png
974,cetoddle,https://raw.githubusercontent.com/PokeAPI/sprites/master/sprites/pokemon/974.png
975,cetitan,https://raw.githubusercontent.com/PokeAPI/sprites/master/sprites/pokemon/975.png
976,veluza,https://raw.githubusercontent.com/PokeAPI/sprites/master/sprites/pokemon/976.png
977,dondozo,https://raw.githubusercontent.com/PokeAPI/sprites/master/sprites/pokemon/977.png
978,tatsugiri,https://raw.githubusercontent.com/PokeAPI/sprites/master/sprites/pokemon/978.png
979,annihilape,https://raw.githubusercontent.com/PokeAPI/sprites/master/sprites/pokemon/979.png
980,clodsire,https://raw.githubusercontent.com/PokeAPI/sprites/master/sprites/pokemon/980.png
981,farigiraf,https://raw.githubusercontent.com/PokeAPI/sprites/master/sprites/pokemon/981.png
982,dudunsparce,https://raw.githubusercontent.com/PokeAPI/sprites/master/sprites/pokemon/982.png
983,kingambit,https://raw.githubusercontent.com/PokeAPI/sprites/master/sprites/pokemon/983.png
984,great-tusk,https://raw.githubusercontent.com/PokeAPI/sprites/master/sprites/pokemon/984.png
985,scream-tail,https://raw.githubusercontent.com/PokeAPI/sprites/master/sprites/pokemon/985.png
986,brute-bonnet,https://raw.githubusercontent.com/PokeAPI/sprites/master/sprites/pokemon/986.png
987,flutter-mane,https://raw.githubusercontent.com/PokeAPI/sprites/master/sprites/pokemon/987.png
988,slither-wing,https://raw.githubusercontent.com/PokeAPI/sprites/master/sprites/pokemon/988.png
989,sandy-shocks,https://raw.githubusercontent.com/PokeAPI/sprites/master/sprites/pokemon/989.png
990,iron-treads,https://raw.githubusercontent.com/PokeAPI/sprites/master/sprites/pokemon/990.png
991,iron-bundle,https://raw.githubusercontent.com/PokeAPI/sprites/master/sprites/pokemon/991.png
992,iron-hands,https://raw.githubusercontent.com/PokeAPI/sprites/master/sprites/pokemon/992.png
993,iron-jugulis,https://raw.githubusercontent.com/PokeAPI/sprites/master/sprites/pokemon/993.png
994,iron-moth,https://raw.githubusercontent.com/PokeAPI/sprites/master/sprites/pokemon/994.png
995,iron-thorns,https://raw.githubusercontent.com/PokeAPI/sprites/master/sprites/pokemon/995.png
996,frigibax,https://raw.githubusercontent.com/PokeAPI/sprites/master/sprites/pokemon/996.png
997,arctibax,https://raw.githubusercontent.com/PokeAPI/sprites/master/sprites/pokemon/997.png
998,baxcalibur,https://raw.githubusercontent.com/PokeAPI/sprites/master/sprites/pokemon/998.png
999,gimmighoul,https://raw.githubusercontent.com/PokeAPI/sprites/master/sprites/pokemon/999.png
1000,gholdengo,https://raw.githubusercontent.com/PokeAPI/sprites/master/sprites/pokemon/1000.png
1001,wo-chien,https://raw.githubusercontent.com/PokeAPI/sprites/master/sprites/pokemon/1001.png
1002,chien-pao,https://raw.githubusercontent.com/PokeAPI/sprites/master/sprites/pokemon/1002.png
1003,ting-lu,https://raw.githubusercontent.com/PokeAPI/sprites/master/sprites/pokemon/1003.png
1004,chi-yu,https://raw.githubusercontent.com/PokeAPI/sprites/master/sprites/pokemon/1004.png
1005,roaring-moon,https://raw.githubusercontent.com/PokeAPI/sprites/master/sprites/pokemon/1005.png
1006,iron-valiant,https://raw.githubusercontent.com/PokeAPI/sprites/master/sprites/pokemon/1006.png
1007,koraidon,https://raw.githubusercontent.com/PokeAPI/sprites/master/sprites/pokemon/1007.png
1008,miraidon,https://raw.githubusercontent.com/PokeAPI/sprites/master/sprites/pokemon/1008.png
1009,walking-wake,https://raw.githubusercontent.com/PokeAPI/sprites/master/sprites/pokemon/1009.png
1010,iron-leaves,https://raw.githubusercontent.com/PokeAPI/sprites/master/sprites/pokemon/1010.png
1011,dipplin,https://raw.githubusercontent.com/PokeAPI/sprites/master/sprites/pokemon/1011.png
1012,poltchageist,https://raw.githubusercontent.com/PokeAPI/sprites/master/sprites/pokemon/1012.png
1013,sinistcha,https://raw.githubusercontent.com/PokeAPI/sprites/master/sprites/pokemon/1013.png
1014,okidogi,https://raw.githubusercontent.com/PokeAPI/sprites/master/sprites/pokemon/1014.png
1015,munkidori,https://raw.githubusercontent.com/PokeAPI/sprites/master/sprites/pokemon/1015.png
1016,fezandipiti,https://raw.githubusercontent.com/PokeAPI/sprites/master/sprites/pokemon/1016.png
1017,ogerpon,https://raw.githubusercontent.com/PokeAPI/sprites/master/sprites/pokemon/1017.png
1018,archaludon,https://raw.githubusercontent.com/PokeAPI/sprites/master/sprites/pokemon/1018.png
1019,hydrapple,https://raw.githubusercontent.com/PokeAPI/sprites/master/sprites/pokemon/1019.png
1020,gouging-fire,https://raw.githubusercontent.com/PokeAPI/sprites/master/sprites/pokemon/1020.png
1021,raging-bolt,https://raw.githubusercontent.com/PokeAPI/sprites/master/sprites/pokemon/1021.png
1022,iron-boulder,https://raw.githubusercontent.com/PokeAPI/sprites/master/sprites/pokemon/1022.png
1023,iron-crown,https://raw.githubusercontent.com/PokeAPI/sprites/master/sprites/pokemon/1023.png
1024,terapagos,https://raw.githubusercontent.com/PokeAPI/sprites/master/sprites/pokemon/1024.png
1025,pecharunt,https://raw.githubusercontent.com/PokeAPI/sprites/master/sprites/pokemon/1025.png
